-- MySQL dump 10.13  Distrib 8.0.40, for Win64 (x86_64)
--
-- Host: localhost    Database: campeonatobrasileiro
-- ------------------------------------------------------
-- Server version	9.1.0

/*!40101 SET @OLD_CHARACTER_SET_CLIENT=@@CHARACTER_SET_CLIENT */;
/*!40101 SET @OLD_CHARACTER_SET_RESULTS=@@CHARACTER_SET_RESULTS */;
/*!40101 SET @OLD_COLLATION_CONNECTION=@@COLLATION_CONNECTION */;
/*!50503 SET NAMES utf8 */;
/*!40103 SET @OLD_TIME_ZONE=@@TIME_ZONE */;
/*!40103 SET TIME_ZONE='+00:00' */;
/*!40014 SET @OLD_UNIQUE_CHECKS=@@UNIQUE_CHECKS, UNIQUE_CHECKS=0 */;
/*!40014 SET @OLD_FOREIGN_KEY_CHECKS=@@FOREIGN_KEY_CHECKS, FOREIGN_KEY_CHECKS=0 */;
/*!40101 SET @OLD_SQL_MODE=@@SQL_MODE, SQL_MODE='NO_AUTO_VALUE_ON_ZERO' */;
/*!40111 SET @OLD_SQL_NOTES=@@SQL_NOTES, SQL_NOTES=0 */;

--
-- Table structure for table `estadio`
--

DROP TABLE IF EXISTS `estadio`;
/*!40101 SET @saved_cs_client     = @@character_set_client */;
/*!50503 SET character_set_client = utf8mb4 */;
CREATE TABLE `estadio` (
  `id_estadio` int NOT NULL AUTO_INCREMENT,
  `nome` varchar(150) NOT NULL,
  `endereco` varchar(150) DEFAULT NULL,
  `capacidade` int DEFAULT NULL,
  PRIMARY KEY (`id_estadio`)
) ENGINE=InnoDB AUTO_INCREMENT=25 DEFAULT CHARSET=utf8mb4 COLLATE=utf8mb4_0900_ai_ci;
/*!40101 SET character_set_client = @saved_cs_client */;

--
-- Dumping data for table `estadio`
--

LOCK TABLES `estadio` WRITE;
/*!40000 ALTER TABLE `estadio` DISABLE KEYS */;
INSERT INTO `estadio` VALUES (1,'Maracanã','Av. Pres. Castelo Branco, Portão 3 - Maracanã, Rio de Janeiro - RJ',78838),(2,'Morumbi (Estádio Cícero Pompeu de Toledo)','Praça Roberto Gomes Pedrosa, 1 - Morumbi, São Paulo - SP',66795),(3,'Mineirão (Estádio Governador Magalhães Pinto)','Av. Antônio Abrahão Caram, 1001 - Pampulha, Belo Horizonte - MG',61846),(4,'Arena do Grêmio','Av. Padre Leopoldo Brentano, 110 - Humaitá, Porto Alegre - RS',55662),(5,'Allianz Parque','Av. Francisco Matarazzo, 1705 - Água Branca, São Paulo - SP',43713),(6,'Beira-Rio (Estádio José Pinheiro Borda)','Av. Padre Cacique, 891 - Praia de Belas, Porto Alegre - RS',50128),(7,'Arena Fonte Nova','Ladeira da Fonte das Pedras - Nazaré, Salvador - BA',47907),(8,'Arena Castelão (Estádio Governador Plácido Castelo)','Av. Alberto Craveiro, 2901 - Castelão, Fortaleza - CE',63903),(9,'Neo Química Arena','Av. Miguel Ignácio Curi, 111 - Artur Alvim, São Paulo - SP',49205),(10,'Estádio Nilton Santos (Engenhão)','R. José dos Reis, 425 - Engenho de Dentro, Rio de Janeiro - RJ',46831),(11,'Arena da Baixada (Estádio Joaquim Américo)','R. Buenos Aires, 1260 - Água Verde, Curitiba - PR',42372),(12,'Arena Pantanal','Av. Agrícola Paes de Barros - Verdão, Cuiabá - MT',44000),(13,'Estádio Serra Dourada','Av. Fued José Sebba - Jardim Goiás, Goiânia - GO',50049),(14,'Arena Pernambuco','Av. Deus é Fiel, 1 - São Lourenço da Mata, Recife - PE',44300),(15,'Estádio Couto Pereira','R. Ubaldino do Amaral, 37 - Alto da Glória, Curitiba - PR',40502),(16,'Vila Belmiro (Estádio Urbano Caldeira)','R. Princesa Isabel, 77 - Vila Belmiro, Santos - SP',16068),(17,'Estádio São Januário','R. Gen. Almério de Moura, 131 - Vasco da Gama, Rio de Janeiro - RJ',21880),(18,'Estádio Independência (Arena Independência)','R. Pitangui, 3230 - Horto, Belo Horizonte - MG',23018),(19,'Arena da Amazônia','Av. Constantino Nery, 5001 - Flores, Manaus - AM',44310),(20,'Estádio Mané Garrincha','SRPN - Asa Norte, Brasília - DF',72788),(21,'Estádio Antônio Accioly','Goiânia, Goiás',12500),(22,'Estádio Heriberto Hülse','Criciúma, Santa Catarina',19300),(23,'Estádio Alfredo Jaconi','Caxias do Sul, Rio Grande do Sul',19700),(24,'Estádio Manoel Barradas (Barradão)','Salvador, Bahia',30000);
/*!40000 ALTER TABLE `estadio` ENABLE KEYS */;
UNLOCK TABLES;

--
-- Table structure for table `evento`
--

DROP TABLE IF EXISTS `evento`;
/*!40101 SET @saved_cs_client     = @@character_set_client */;
/*!50503 SET character_set_client = utf8mb4 */;
CREATE TABLE `evento` (
  `id_evento` int NOT NULL AUTO_INCREMENT,
  `minuto` int DEFAULT NULL,
  `descricao` varchar(150) DEFAULT NULL,
  `id_partida` int DEFAULT NULL,
  `id_jogador` int DEFAULT NULL,
  PRIMARY KEY (`id_evento`),
  KEY `FK_EventoPartida` (`id_partida`),
  KEY `FK_EventoJogador` (`id_jogador`),
  CONSTRAINT `FK_EventoJogador` FOREIGN KEY (`id_jogador`) REFERENCES `jogador` (`id_jogador`),
  CONSTRAINT `FK_EventoPartida` FOREIGN KEY (`id_partida`) REFERENCES `partida` (`id_partida`)
) ENGINE=InnoDB AUTO_INCREMENT=6285 DEFAULT CHARSET=utf8mb4 COLLATE=utf8mb4_0900_ai_ci;
/*!40101 SET character_set_client = @saved_cs_client */;

--
-- Dumping data for table `evento`
--

LOCK TABLES `evento` WRITE;
/*!40000 ALTER TABLE `evento` DISABLE KEYS */;
INSERT INTO `evento` VALUES (1,9,'Gol (Gol de campo)',210,89),(2,15,'Gol (Gol de campo)',210,218),(3,29,'Cartão Amarelo',210,78),(4,32,'Cartão Amarelo',210,89),(5,36,'Substitution',210,97),(6,42,'Gol (Gol de campo)',210,79),(7,45,'Cartão Amarelo',210,82),(8,46,'Substitution',210,222),(9,58,'Cartão Amarelo',210,214),(10,59,'Substitution',210,210),(11,64,'Substitution',210,73),(12,64,'Substitution',210,94),(13,67,'Cartão Amarelo',210,223),(14,69,'Substitution',210,208),(15,69,'Substitution',210,699),(16,77,'Substitution',210,723),(17,78,'Substitution',210,774),(18,86,'Substitution',210,235),(19,90,'Woodwork',210,219),(20,90,'Cartão Amarelo',210,86),(21,90,'Cartão Amarelo',210,228),(22,11,'Gol (Gol de campo)',340,489),(23,19,'Gol (Gol de campo)',340,94),(24,37,'Cartão Amarelo',340,98),(25,43,'Gol (Gol de campo)',340,78),(26,54,'Cartão Amarelo',340,80),(27,58,'Substitution',340,479),(28,58,'Substitution',340,497),(29,65,'Substitution',340,477),(30,69,'Substitution',340,89),(31,72,'Substitution',340,82),(32,72,'Substitution',340,83),(33,81,'Substitution',340,75),(34,82,'Substitution',340,88),(35,85,'Gol (Gol de campo)',340,479),(36,87,'Substitution',340,498),(37,87,'Substitution',340,501),(38,90,'Cartão Amarelo',340,479),(39,90,'Cartão Amarelo',340,81),(40,58,'Substitution',339,323),(41,58,'Substitution',339,327),(42,61,'Substitution',339,135),(43,61,'Substitution',339,162),(44,65,'Gol (Gol de campo)',339,149),(45,68,'Substitution',339,133),(46,69,'Substitution',339,300),(47,69,'Substitution',339,319),(48,69,'Substitution',339,132),(49,82,'Substitution',339,317),(50,83,'Cartão Amarelo',339,326),(51,85,'Substitution',339,671),(52,11,'Gol (Gol de campo)',331,265),(53,16,'Gol (Gol de campo)',331,280),(54,34,'Gol (Gol de campo)',331,231),(55,41,'Cartão Amarelo',331,270),(56,45,'Cartão Amarelo',331,231),(57,45,'Cartão Amarelo',331,208),(58,46,'Substitution',331,290),(59,51,'Cartão Amarelo',331,205),(60,53,'Substitution',331,233),(61,59,'Substitution',331,273),(62,60,'Substitution',331,278),(63,60,'Cartão Amarelo',331,269),(64,64,'Substitution',331,206),(65,64,'Substitution',331,218),(66,68,'Substitution',331,277),(67,73,'Substitution',331,207),(68,73,'Substitution',331,672),(69,90,'Woodwork',331,265),(70,90,'Cartão Amarelo',331,265),(71,90,'Substitution',331,286),(72,90,'Cartão Amarelo',331,224),(73,15,'Gol (Gol de campo)',332,544),(74,20,'Woodwork',332,548),(75,25,'Gol (Gol de campo)',332,165),(76,41,'Cartão Amarelo',332,553),(77,44,'Cartão Amarelo',332,559),(78,50,'Cartão Amarelo',332,185),(79,57,'Substitution',332,557),(80,57,'Substitution',332,567),(81,60,'Substitution',332,166),(82,61,'Substitution',332,189),(83,62,'Cartão Amarelo',332,558),(84,66,'Cartão Amarelo',332,166),(85,70,'Substitution',332,570),(86,71,'Substitution',332,190),(87,82,'Substitution',332,177),(88,83,'Substitution',332,549),(89,83,'Substitution',332,568),(90,16,'Cartão Amarelo',333,666),(91,23,'Pênalti Perdido',333,415),(92,36,'Cartão Amarelo',333,650),(93,41,'Cartão Amarelo',333,412),(94,45,'Gol (Gol de campo)',333,417),(95,50,'Woodwork',333,653),(96,56,'Substitution',333,427),(97,56,'Substitution',333,673),(98,66,'Gol (Gol de campo)',333,411),(99,69,'Substitution',333,655),(100,74,'Cartão Vermelho',333,408),(101,75,'Substitution',333,422),(102,76,'Substitution',333,656),(103,87,'Substitution',333,407),(104,87,'Substitution',333,430),(105,87,'Substitution',333,670),(106,17,'Cartão Amarelo',334,346),(107,27,'Cartão Vermelho',334,535),(108,30,'Woodwork',334,358),(109,32,'Substitution',334,528),(110,45,'Cartão Amarelo',334,513),(111,46,'Substitution',334,511),(112,46,'Substitution',334,363),(113,68,'Gol (Gol de campo)',334,363),(114,69,'Substitution',334,353),(115,72,'Substitution',334,510),(116,75,'Substitution',334,344),(117,80,'Cartão Amarelo',334,353),(118,82,'Substitution',334,519),(119,82,'Substitution',334,532),(120,84,'Substitution',334,361),(121,84,'Substitution',334,362),(122,90,'Cartão Amarelo',334,354),(123,27,'Gol (Gol de campo)',335,260),(124,41,'Gol (Gol de campo)',335,46),(125,57,'Substitution',335,261),(126,64,'Substitution',335,44),(127,65,'Substitution',335,60),(128,65,'Substitution',335,65),(129,71,'Cartão Amarelo',335,40),(130,73,'Substitution',335,242),(131,73,'Substitution',335,253),(132,74,'Cartão Amarelo',335,238),(133,77,'Substitution',335,51),(134,81,'Substitution',335,59),(135,83,'Substitution',335,256),(136,83,'Substitution',335,674),(137,86,'Gol anulado (Var)',335,254),(138,89,'Gol (Gol de campo)',335,59),(139,57,'Substitution',337,129),(140,57,'Substitution',337,675),(141,59,'Gol (Gol de campo)',337,590),(142,62,'Gol (Gol de campo)',337,675),(143,65,'Substitution',337,586),(144,65,'Substitution',337,587),(145,71,'Gol anulado (Var)',337,587),(146,75,'Substitution',337,581),(147,75,'Substitution',337,676),(148,88,'Substitution',337,677),(149,89,'Cartão Amarelo',337,581),(150,89,'Cartão Amarelo',337,130),(151,90,'Substitution',337,128),(152,90,'Gol (Gol de campo)',337,129),(153,90,'Cartão Amarelo',337,115),(154,3,'Gol (Gol de campo)',336,369),(155,8,'Cartão Amarelo',336,390),(156,14,'Cartão Amarelo',336,461),(157,27,'Cartão Amarelo',336,368),(158,28,'Cartão Amarelo',336,452),(159,38,'Cartão Amarelo',336,462),(160,45,'Cartão Amarelo',336,374),(161,45,'Substitution',336,398),(162,45,'Gol (Gol de campo)',336,462),(163,52,'Gol (Gol de campo)',336,461),(164,53,'Substitution',336,392),(165,54,'Substitution',336,383),(166,56,'Pênalti Perdido',336,451),(167,61,'Cartão Amarelo',336,454),(168,65,'Substitution',336,441),(169,65,'Substitution',336,457),(170,75,'Substitution',336,444),(171,75,'Substitution',336,453),(172,76,'Substitution',336,382),(173,76,'Substitution',336,388),(174,80,'Substitution',336,463),(175,90,'Woodwork',336,392),(176,90,'Cartão Amarelo',336,440),(177,90,'Gol (Gol de campo)',336,381),(178,37,'Cartão Amarelo',338,629),(179,40,'Cartão Vermelho (Second Yellow Card)',338,629),(180,45,'Cartão Amarelo',338,611),(181,46,'Substitution',338,613),(182,58,'Substitution',338,20),(183,66,'Substitution',338,32),(184,66,'Substitution',338,34),(185,70,'Substitution',338,604),(186,71,'Cartão Amarelo',338,615),(187,77,'Cartão Amarelo',338,627),(188,78,'Substitution',338,23),(189,78,'Substitution',338,31),(190,82,'Cartão Amarelo',338,620),(191,83,'Substitution',338,632),(192,90,'Substitution',338,603),(193,90,'Cartão Amarelo',338,13),(194,90,'Cartão Amarelo',338,613),(195,90,'Cartão Vermelho (Second Yellow Card)',338,13),(196,90,'Cartão Vermelho',338,26),(197,18,'Cartão Amarelo',190,414),(198,25,'Substitution',190,435),(199,27,'Cartão Amarelo',190,614),(200,28,'Gol (Gol de campo)',190,417),(201,46,'Substitution',190,621),(202,46,'Substitution',190,633),(203,59,'Cartão Amarelo',190,411),(204,61,'Substitution',190,606),(205,61,'Substitution',190,624),(206,71,'Cartão Amarelo',190,615),(207,82,'Substitution',190,407),(208,82,'Substitution',190,430),(209,83,'Substitution',190,607),(210,90,'Substitution',190,425),(211,11,'Cartão Amarelo',330,115),(212,36,'Pênalti Perdido',330,102),(213,51,'Woodwork',330,129),(214,52,'Cartão Amarelo',330,614),(215,62,'Substitution',330,621),(216,70,'Substitution',330,633),(217,79,'Substitution',330,131),(218,89,'Substitution',330,128),(219,89,'Substitution',330,678),(220,90,'Substitution',330,607),(221,90,'Substitution',330,625),(222,45,'Cartão Amarelo',324,590),(223,45,'Woodwork',324,14),(224,48,'Cartão Amarelo',324,596),(225,51,'Cartão Amarelo',324,589),(226,56,'Cartão Amarelo',324,575),(227,62,'Substitution',324,20),(228,62,'Substitution',324,34),(229,63,'Substitution',324,581),(230,70,'Substitution',324,5),(231,78,'Woodwork',324,26),(232,83,'Substitution',324,11),(233,83,'Substitution',324,574),(234,83,'Substitution',324,580),(235,90,'Substitution',324,597),(236,90,'Substitution',324,676),(237,90,'Cartão Amarelo',324,597),(238,9,'Gol (Gol de campo)',323,347),(239,13,'Cartão Amarelo',323,287),(240,14,'Cartão Amarelo',323,266),(241,18,'Cartão Amarelo',323,348),(242,24,'Gol (Gol de campo)',323,280),(243,33,'Cartão Amarelo',323,338),(244,46,'Substitution',323,339),(245,46,'Substitution',323,297),(246,63,'Substitution',323,278),(247,69,'Gol (Gol de campo)',323,265),(248,70,'Substitution',323,340),(249,71,'Substitution',323,345),(250,77,'Cartão Amarelo',323,345),(251,78,'Substitution',323,362),(252,78,'Substitution',323,363),(253,78,'Substitution',323,273),(254,78,'Substitution',323,290),(255,83,'Substitution',323,268),(256,90,'Cartão Amarelo',323,342),(257,13,'Gol (Gol de campo)',326,87),(258,46,'Substitution',326,77),(259,46,'Substitution',326,312),(260,46,'Substitution',326,327),(261,58,'Cartão Amarelo',326,312),(262,65,'Substitution',326,89),(263,68,'Woodwork',326,98),(264,72,'Substitution',326,324),(265,73,'Substitution',326,300),(266,78,'Gol (Gol de campo)',326,89),(267,80,'Substitution',326,83),(268,81,'Substitution',326,82),(269,82,'Cartão Amarelo',326,85),(270,84,'Substitution',326,306),(271,88,'Substitution',326,79),(272,90,'Gol (Gol de campo)',326,79),(273,16,'Woodwork',327,544),(274,16,'Woodwork',327,556),(275,22,'Cartão Amarelo',327,648),(276,43,'Cartão Amarelo',327,656),(277,43,'Cartão Amarelo',327,547),(278,46,'Substitution',327,649),(279,46,'Substitution',327,650),(280,46,'Substitution',327,657),(281,46,'Substitution',327,573),(282,59,'Cartão Amarelo',327,657),(283,62,'Substitution',327,567),(284,62,'Substitution',327,570),(285,70,'Substitution',327,655),(286,74,'Substitution',327,543),(287,74,'Substitution',327,549),(288,83,'Substitution',327,639),(289,90,'Cartão Amarelo',327,549),(290,9,'Gol (Gol de campo)',325,221),(291,41,'Woodwork',325,224),(292,43,'Woodwork',325,218),(293,46,'Cartão Amarelo',325,521),(294,52,'Cartão Amarelo',325,510),(295,60,'Cartão Amarelo',325,208),(296,65,'Cartão Amarelo',325,221),(297,67,'Substitution',325,513),(298,67,'Substitution',325,529),(299,69,'Gol (Gol de campo)',325,224),(300,74,'Substitution',325,519),(301,74,'Substitution',325,533),(302,80,'Substitution',325,512),(303,82,'Gol (Gol de campo)',325,511),(304,85,'Cartão Amarelo',325,516),(305,86,'Substitution',325,214),(306,86,'Substitution',325,223),(307,86,'Cartão Amarelo',325,212),(308,90,'Substitution',325,205),(309,90,'Substitution',325,219),(310,90,'Cartão Amarelo',325,525),(311,2,'Gol (Gol de campo)',328,253),(312,17,'Woodwork',328,458),(313,31,'Substitution',328,451),(314,43,'Woodwork',328,459),(315,46,'Substitution',328,441),(316,46,'Substitution',328,438),(317,54,'Cartão Amarelo',328,250),(318,64,'Substitution',328,674),(319,65,'Substitution',328,242),(320,66,'Substitution',328,446),(321,70,'Gol (Gol de campo)',328,461),(322,72,'Cartão Amarelo',328,438),(323,74,'Woodwork',328,461),(324,77,'Substitution',328,256),(325,77,'Substitution',328,257),(326,79,'Gol (Gol de campo)',328,451),(327,81,'Cartão Amarelo',328,451),(328,82,'Cartão Amarelo',328,452),(329,84,'Substitution',328,454),(330,84,'Substitution',328,249),(331,87,'Woodwork',328,242),(332,3,'Cartão Amarelo',329,412),(333,21,'Substitution',329,183),(334,42,'Cartão Amarelo',329,421),(335,52,'Gol (Gol de campo)',329,167),(336,58,'Woodwork',329,169),(337,62,'Cartão Amarelo',329,432),(338,66,'Substitution',329,427),(339,66,'Substitution',329,430),(340,66,'Substitution',329,673),(341,69,'Gol (Gol de campo)',329,419),(342,74,'Cartão Amarelo',329,165),(343,75,'Cartão Amarelo',329,419),(344,78,'Substitution',329,409),(345,79,'Substitution',329,166),(346,79,'Substitution',329,181),(347,81,'Cartão Amarelo',329,434),(348,86,'Substitution',329,179),(349,86,'Substitution',329,193),(350,87,'Substitution',329,429),(351,89,'Gol (Gol de campo)',329,193),(352,90,'Cartão Amarelo',329,184),(353,37,'Gol anulado (Var)',321,141),(354,46,'Substitution',321,500),(355,47,'Cartão Amarelo',321,501),(356,52,'Gol (Gol de campo)',321,141),(357,63,'Cartão Amarelo',321,151),(358,71,'Substitution',321,160),(359,71,'Substitution',321,162),(360,71,'Substitution',321,477),(361,71,'Substitution',321,497),(362,76,'Substitution',321,136),(363,78,'Substitution',321,498),(364,81,'Cartão Amarelo',321,148),(365,86,'Substitution',321,132),(366,86,'Substitution',321,679),(367,87,'Substitution',321,671),(368,90,'Cartão Amarelo',321,150),(369,90,'Gol (Gol de campo)',321,136),(370,90,'Woodwork',321,498),(371,16,'Cartão Amarelo',322,47),(372,26,'Cartão Amarelo',322,375),(373,28,'Cartão Amarelo',322,387),(374,32,'Cartão Amarelo',322,44),(375,63,'Substitution',322,39),(376,63,'Substitution',322,37),(377,63,'Substitution',322,59),(378,64,'Substitution',322,390),(379,64,'Substitution',322,403),(380,70,'Woodwork',322,67),(381,73,'Gol (Gol de campo)',322,67),(382,74,'Cartão Amarelo',322,67),(383,75,'Substitution',322,368),(384,75,'Substitution',322,381),(385,75,'Substitution',322,392),(386,77,'Substitution',322,56),(387,82,'Substitution',322,43),(388,86,'Cartão Amarelo',322,56),(389,88,'Cartão Amarelo',322,37),(390,90,'Cartão Amarelo',322,392),(391,24,'Woodwork',319,112),(392,24,'Cartão Amarelo',319,124),(393,46,'Substitution',319,219),(394,46,'Substitution',319,130),(395,51,'Cartão Amarelo',319,215),(396,53,'Gol (Gol de campo)',319,102),(397,58,'Substitution',319,223),(398,62,'Cartão Amarelo',319,102),(399,69,'Cartão Amarelo',319,130),(400,70,'Substitution',319,104),(401,70,'Substitution',319,122),(402,73,'Cartão Amarelo',319,209),(403,79,'Substitution',319,107),(404,79,'Substitution',319,131),(405,80,'Cartão Amarelo',319,118),(406,86,'Cartão Amarelo',319,107),(407,86,'Gol anulado (Var)',319,125),(408,88,'Cartão Amarelo',319,111),(409,90,'Substitution',319,208),(410,90,'Substitution',319,213),(411,90,'Cartão Vermelho (Second Yellow Card)',319,118),(412,4,'Cartão Amarelo',320,632),(413,7,'Cartão Amarelo',320,647),(414,31,'Substitution',320,608),(415,45,'Cartão Amarelo',320,648),(416,46,'Substitution',320,653),(417,46,'Substitution',320,620),(418,57,'Substitution',320,612),(419,62,'Substitution',320,650),(420,62,'Substitution',320,655),(421,65,'Cartão Amarelo',320,608),(422,67,'Substitution',320,607),(423,67,'Substitution',320,628),(424,71,'Substitution',320,657),(425,75,'Substitution',320,649),(426,89,'Gol (Gol de campo)',320,655),(427,36,'Cartão Amarelo',317,187),(428,41,'Gol (Gol de campo)',317,163),(429,51,'Cartão Amarelo',317,254),(430,55,'Cartão Amarelo',317,185),(431,59,'Substitution',317,170),(432,60,'Substitution',317,183),(433,61,'Substitution',317,256),(434,61,'Cartão Amarelo',317,250),(435,62,'Substitution',317,257),(436,63,'Substitution',317,242),(437,63,'Substitution',317,181),(438,66,'Gol (Gol de campo)',317,181),(439,70,'Substitution',317,249),(440,81,'Cartão Amarelo',317,264),(441,82,'Substitution',317,164),(442,82,'Substitution',317,190),(443,90,'Gol (Gol de campo)',317,165),(444,7,'Woodwork',318,12),(445,9,'Gol (Gol de campo)',318,17),(446,12,'Gol (Gol de campo)',318,26),(447,38,'Cartão Amarelo',318,321),(448,43,'Cartão Vermelho (Second Yellow Card)',318,321),(449,45,'Substitution',318,305),(450,46,'Substitution',318,308),(451,65,'Substitution',318,327),(452,65,'Substitution',318,328),(453,68,'Substitution',318,20),(454,69,'Substitution',318,11),(455,69,'Substitution',318,24),(456,71,'Gol (Gol de campo)',318,20),(457,73,'Substitution',318,34),(458,76,'Cartão Amarelo',318,314),(459,77,'Substitution',318,3),(460,87,'Substitution',318,318),(461,43,'Gol (Gol de campo)',316,134),(462,45,'Cartão Amarelo',316,527),(463,45,'Cartão Vermelho',316,522),(464,56,'Substitution',316,524),(465,56,'Substitution',316,533),(466,62,'Substitution',316,136),(467,62,'Substitution',316,162),(468,63,'Substitution',316,511),(469,75,'Substitution',316,132),(470,75,'Substitution',316,133),(471,77,'Substitution',316,523),(472,77,'Substitution',316,528),(473,82,'Cartão Amarelo',316,149),(474,83,'Cartão Amarelo',316,540),(475,90,'Substitution',316,671),(476,90,'Gol (Gol de campo)',316,149),(477,37,'Cartão Amarelo',315,284),(478,41,'Gol (Gol de campo)',315,283),(479,46,'Substitution',315,294),(480,56,'Gol (Gol de campo)',315,280),(481,58,'Substitution',315,269),(482,58,'Substitution',315,39),(483,58,'Substitution',315,60),(484,60,'Cartão Amarelo',315,281),(485,63,'Substitution',315,297),(486,63,'Substitution',315,45),(487,67,'Cartão Amarelo',315,52),(488,68,'Substitution',315,51),(489,69,'Substitution',315,54),(490,72,'Woodwork',315,51),(491,75,'Substitution',315,268),(492,75,'Substitution',315,288),(493,81,'Cartão Amarelo',315,51),(494,90,'Cartão Amarelo',315,40),(495,18,'Cartão Amarelo',312,553),(496,34,'Substitution',312,574),(497,34,'Substitution',312,596),(498,57,'Cartão Amarelo',312,590),(499,60,'Substitution',312,570),(500,60,'Substitution',312,573),(501,68,'Cartão Amarelo',312,577),(502,70,'Substitution',312,581),(503,70,'Substitution',312,582),(504,73,'Substitution',312,564),(505,73,'Substitution',312,680),(506,82,'Substitution',312,568),(507,86,'Cartão Amarelo',312,584),(508,90,'Substitution',312,676),(509,31,'Gol (Gol de campo)',313,419),(510,33,'Gol (Gol de campo)',313,347),(511,46,'Substitution',313,338),(512,52,'Cartão Amarelo',313,346),(513,55,'Cartão Amarelo',313,355),(514,61,'Substitution',313,344),(515,61,'Substitution',313,353),(516,62,'Substitution',313,427),(517,65,'Gol (Gol de campo)',313,352),(518,66,'Cartão Amarelo',313,344),(519,68,'Cartão Amarelo',313,417),(520,73,'Substitution',313,407),(521,73,'Substitution',313,362),(522,73,'Substitution',313,363),(523,85,'Woodwork',313,344),(524,86,'Substitution',313,412),(525,86,'Substitution',313,673),(526,14,'Cartão Amarelo',314,77),(527,26,'Substitution',314,84),(528,45,'Cartão Amarelo',314,468),(529,45,'Gol (Gol de campo)',314,94),(530,45,'Gol (Gol de campo)',314,98),(531,46,'Substitution',314,450),(532,59,'Substitution',314,444),(533,59,'Substitution',314,438),(534,59,'Substitution',314,88),(535,67,'Cartão Amarelo',314,453),(536,70,'Substitution',314,457),(537,70,'Cartão Amarelo',314,445),(538,71,'Gol (Gol de campo)',314,80),(539,73,'Substitution',314,89),(540,73,'Substitution',314,83),(541,77,'Substitution',314,451),(542,80,'Cartão Amarelo',314,88),(543,84,'Substitution',314,82),(544,85,'Substitution',314,448),(545,85,'Substitution',314,73),(546,26,'Gol (Gol de campo)',311,369),(547,31,'Cartão Amarelo',311,382),(548,36,'Cartão Amarelo',311,369),(549,43,'Gol (Gol de campo)',311,490),(550,45,'Cartão Amarelo',311,371),(551,45,'Cartão Amarelo',311,499),(552,45,'Cartão Amarelo',311,474),(553,66,'Gol (Gol de campo)',311,506),(554,67,'Substitution',311,501),(555,68,'Substitution',311,368),(556,68,'Substitution',311,381),(557,68,'Substitution',311,403),(558,78,'Cartão Amarelo',311,506),(559,78,'Substitution',311,479),(560,79,'Substitution',311,495),(561,82,'Substitution',311,388),(562,82,'Substitution',311,392),(563,88,'Cartão Amarelo',311,387),(564,90,'Substitution',311,500),(565,90,'Substitution',311,498),(566,90,'Cartão Amarelo',311,370),(567,90,'Cartão Amarelo',311,490),(568,90,'Cartão Amarelo',311,483),(569,90,'Gol (Pênalti)',311,371),(570,90,'Cartão Vermelho',311,478),(571,4,'Cartão Amarelo',170,114),(572,19,'Woodwork',170,147),(573,31,'Cartão Amarelo',170,146),(574,40,'Cartão Amarelo',170,110),(575,45,'Gol (Pênalti)',170,125),(576,46,'Substitution',170,161),(577,51,'Cartão Amarelo',170,115),(578,58,'Cartão Amarelo',170,109),(579,63,'Substitution',170,162),(580,64,'Substitution',170,133),(581,68,'Substitution',170,122),(582,73,'Substitution',170,132),(583,80,'Substitution',170,136),(584,86,'Substitution',170,129),(585,89,'Gol (Gol de campo)',170,132),(586,44,'Gol (Pênalti)',309,265),(587,45,'Cartão Amarelo',309,578),(588,45,'Cartão Amarelo',309,278),(589,48,'Cartão Amarelo',309,589),(590,55,'Cartão Amarelo',309,576),(591,56,'Substitution',309,594),(592,61,'Substitution',309,269),(593,61,'Substitution',309,277),(594,64,'Cartão Amarelo',309,584),(595,66,'Substitution',309,270),(596,69,'Cartão Amarelo',309,294),(597,71,'Substitution',309,596),(598,76,'Woodwork',309,290),(599,78,'Substitution',309,268),(600,78,'Substitution',309,283),(601,83,'Cartão Amarelo',309,579),(602,89,'Substitution',309,591),(603,89,'Substitution',309,593),(604,9,'Woodwork',310,323),(605,12,'Gol (Gol de campo)',310,323),(606,18,'Gol (Pênalti)',310,301),(607,24,'Cartão Amarelo',310,264),(608,32,'Gol (Gol de campo)',310,301),(609,38,'Substitution',310,255),(610,38,'Substitution',310,260),(611,40,'Cartão Amarelo',310,308),(612,42,'Gol (Gol de campo)',310,260),(613,46,'Substitution',310,256),(614,46,'Substitution',310,257),(615,51,'Cartão Amarelo',310,252),(616,53,'Cartão Amarelo',310,305),(617,65,'Substitution',310,306),(618,65,'Substitution',310,309),(619,75,'Gol (Gol de campo)',310,255),(620,76,'Substitution',310,251),(621,83,'Substitution',310,328),(622,84,'Cartão Amarelo',310,301),(623,85,'Substitution',310,324),(624,90,'Substitution',310,312),(625,18,'Cartão Amarelo',301,375),(626,22,'Cartão Amarelo',301,645),(627,28,'Pênalti Perdido',301,661),(628,28,'Gol (Gol de campo)',301,661),(629,30,'Cartão Amarelo',301,666),(630,40,'Gol (Gol de campo)',301,382),(631,45,'Cartão Amarelo',301,369),(632,54,'Substitution',301,656),(633,59,'Gol (Gol de campo)',301,390),(634,66,'Cartão Amarelo',301,644),(635,68,'Substitution',301,377),(636,68,'Substitution',301,381),(637,79,'Substitution',301,655),(638,83,'Gol (Gol de campo)',301,387),(639,83,'Cartão Amarelo',301,655),(640,85,'Substitution',301,388),(641,85,'Substitution',301,399),(642,90,'Substitution',301,383),(643,90,'Substitution',301,649),(644,90,'Substitution',301,648),(645,90,'Substitution',301,650),(646,18,'Cartão Amarelo',304,37),(647,24,'Cartão Amarelo',304,98),(648,29,'Gol (Pênalti)',304,46),(649,38,'Gol (Gol de campo)',304,99),(650,45,'Woodwork',304,94),(651,57,'Gol (Pênalti)',304,67),(652,62,'Gol (Gol de campo)',304,94),(653,68,'Substitution',304,54),(654,68,'Substitution',304,66),(655,71,'Substitution',304,39),(656,72,'Cartão Amarelo',304,74),(657,73,'Substitution',304,83),(658,73,'Substitution',304,95),(659,76,'Cartão Amarelo',304,76),(660,81,'Substitution',304,73),(661,81,'Substitution',304,79),(662,83,'Substitution',304,91),(663,87,'Substitution',304,45),(664,87,'Substitution',304,61),(665,90,'Cartão Amarelo',304,91),(666,90,'Cartão Amarelo',304,77),(667,26,'Cartão Amarelo',302,483),(668,36,'Cartão Amarelo',302,351),(669,41,'Woodwork',302,489),(670,45,'Gol (Gol de campo)',302,341),(671,46,'Substitution',302,480),(672,61,'Woodwork',302,499),(673,61,'Gol (Gol Contra)',302,355),(674,62,'Substitution',302,338),(675,62,'Substitution',302,344),(676,74,'Substitution',302,681),(677,74,'Cartão Amarelo',302,342),(678,75,'Substitution',302,479),(679,76,'Substitution',302,353),(680,76,'Substitution',302,361),(681,76,'Substitution',302,362),(682,81,'Substitution',302,494),(683,86,'Cartão Amarelo',302,361),(684,89,'Cartão Amarelo',302,489),(685,90,'Gol (Pênalti)',302,347),(686,90,'Cartão Amarelo',302,347),(687,8,'Gol (Gol de campo)',303,122),(688,24,'Gol (Gol de campo)',303,443),(689,45,'Cartão Amarelo',303,468),(690,49,'Gol (Pênalti)',303,103),(691,51,'Cartão Amarelo',303,452),(692,54,'Gol (Gol de campo)',303,108),(693,56,'Substitution',303,457),(694,69,'Substitution',303,124),(695,69,'Substitution',303,125),(696,70,'Gol (Gol de campo)',303,468),(697,72,'Substitution',303,451),(698,72,'Substitution',303,441),(699,75,'Cartão Amarelo',303,441),(700,75,'Cartão Vermelho (Second Yellow Card)',303,441),(701,80,'Substitution',303,450),(702,80,'Substitution',303,682),(703,87,'Cartão Amarelo',303,682),(704,90,'Cartão Amarelo',303,125),(705,90,'Gol (Gol de campo)',303,124),(706,90,'Cartão Amarelo',303,104),(707,1,'Cartão Vermelho',305,217),(708,21,'Substitution',305,417),(709,23,'Cartão Amarelo',305,232),(710,25,'Gol (Gol de campo)',305,414),(711,46,'Substitution',305,211),(712,46,'Substitution',305,224),(713,46,'Gol (Gol de campo)',305,419),(714,50,'Cartão Amarelo',305,214),(715,61,'Substitution',305,212),(716,61,'Substitution',305,218),(717,65,'Substitution',305,407),(718,66,'Substitution',305,673),(719,77,'Substitution',305,215),(720,79,'Substitution',305,418),(721,79,'Substitution',305,427),(722,80,'Gol (Gol de campo)',305,411),(723,90,'Cartão Amarelo',305,211),(724,5,'Cartão Amarelo',306,143),(725,13,'Cartão Amarelo',306,605),(726,17,'Cartão Amarelo',306,624),(727,20,'Cartão Amarelo',306,149),(728,38,'Gol (Pênalti)',306,134),(729,40,'Gol (Gol de campo)',306,151),(730,45,'Woodwork',306,629),(731,45,'Gol (Pênalti)',306,605),(732,46,'Substitution',306,136),(733,46,'Substitution',306,147),(734,66,'Substitution',306,146),(735,67,'Cartão Amarelo',306,614),(736,69,'Cartão Amarelo',306,633),(737,71,'Cartão Amarelo',306,606),(738,71,'Cartão Vermelho (Second Yellow Card)',306,614),(739,76,'Substitution',306,616),(740,83,'Substitution',306,132),(741,84,'Substitution',306,638),(742,88,'Gol (Gol de campo)',306,147),(743,90,'Substitution',306,160),(744,56,'Woodwork',307,2),(745,58,'Cartão Amarelo',307,557),(746,61,'Substitution',307,543),(747,61,'Substitution',307,549),(748,61,'Substitution',307,554),(749,64,'Substitution',307,5),(750,70,'Substitution',307,573),(751,70,'Substitution',307,11),(752,70,'Substitution',307,31),(753,76,'Substitution',307,555),(754,85,'Substitution',307,10),(755,85,'Substitution',307,29),(756,86,'Gol (Gol de campo)',307,19),(757,90,'Cartão Amarelo',307,2),(758,22,'Gol (Gol de campo)',308,522),(759,40,'Cartão Amarelo',308,540),(760,64,'Substitution',308,183),(761,64,'Substitution',308,188),(762,67,'Substitution',308,527),(763,68,'Substitution',308,510),(764,77,'Substitution',308,193),(765,81,'Substitution',308,529),(766,81,'Substitution',308,533),(767,84,'Substitution',308,181),(768,84,'Substitution',308,185),(769,87,'Gol (Gol de campo)',308,183),(770,89,'Cartão Amarelo',308,527),(771,90,'Substitution',308,536),(772,35,'Substitution',189,311),(773,46,'Substitution',189,320),(774,53,'Gol (Gol de campo)',189,319),(775,57,'Cartão Amarelo',189,319),(776,69,'Substitution',189,309),(777,69,'Substitution',189,312),(778,73,'Substitution',189,593),(779,81,'Substitution',189,590),(780,87,'Substitution',189,301),(781,88,'Substitution',189,574),(782,88,'Substitution',189,591),(783,90,'Cartão Amarelo',189,590),(784,90,'Cartão Amarelo',189,303),(785,7,'Cartão Amarelo',169,420),(786,14,'Cartão Amarelo',169,482),(787,16,'Cartão Amarelo',169,430),(788,27,'Cartão Amarelo',169,411),(789,54,'Cartão Amarelo',169,490),(790,57,'Substitution',169,480),(791,70,'Substitution',169,681),(792,70,'Substitution',169,479),(793,71,'Cartão Amarelo',169,431),(794,72,'Substitution',169,427),(795,72,'Substitution',169,673),(796,79,'Substitution',169,409),(797,79,'Substitution',169,424),(798,81,'Gol (Gol de campo)',169,479),(799,86,'Substitution',169,418),(800,88,'Substitution',169,494),(801,89,'Substitution',169,504),(802,90,'Cartão Amarelo',169,501),(803,22,'Gol (Gol de campo)',300,67),(804,25,'Woodwork',300,440),(805,30,'Cartão Amarelo',300,40),(806,35,'Gol (Gol de campo)',300,459),(807,43,'Gol (Gol de campo)',300,46),(808,46,'Substitution',300,451),(809,46,'Substitution',300,454),(810,49,'Gol (Gol de campo)',300,445),(811,50,'Gol (Gol de campo)',300,46),(812,52,'Cartão Amarelo',300,52),(813,63,'Gol (Gol de campo)',300,56),(814,65,'Substitution',300,37),(815,65,'Substitution',300,43),(816,67,'Gol (Gol de campo)',300,468),(817,72,'Cartão Amarelo',300,44),(818,73,'Cartão Amarelo',300,56),(819,74,'Substitution',300,444),(820,74,'Substitution',300,61),(821,74,'Cartão Amarelo',300,37),(822,79,'Cartão Amarelo',300,440),(823,81,'Substitution',300,450),(824,82,'Substitution',300,457),(825,87,'Substitution',300,60),(826,87,'Substitution',300,64),(827,90,'Gol (Gol de campo)',300,46),(828,90,'Cartão Amarelo',300,444),(829,38,'Cartão Amarelo',298,385),(830,44,'Cartão Amarelo',298,151),(831,56,'Substitution',298,382),(832,56,'Substitution',298,392),(833,61,'Substitution',298,135),(834,61,'Substitution',298,147),(835,67,'Gol (Gol de campo)',298,141),(836,70,'Cartão Amarelo',298,384),(837,73,'Substitution',298,368),(838,73,'Cartão Amarelo',298,368),(839,79,'Substitution',298,160),(840,84,'Substitution',298,390),(841,84,'Substitution',298,388),(842,86,'Substitution',298,132),(843,86,'Substitution',298,671),(844,30,'Cartão Amarelo',299,354),(845,35,'Cartão Amarelo',299,356),(846,41,'Cartão Amarelo',299,557),(847,46,'Substitution',299,338),(848,46,'Substitution',299,345),(849,46,'Substitution',299,566),(850,47,'Cartão Amarelo',299,341),(851,57,'Substitution',299,549),(852,64,'Substitution',299,344),(853,64,'Substitution',299,346),(854,64,'Substitution',299,362),(855,65,'Substitution',299,548),(856,65,'Substitution',299,554),(857,78,'Gol (Gol de campo)',299,345),(858,83,'Substitution',299,568),(859,35,'Cartão Amarelo',295,594),(860,45,'Cartão Amarelo',295,656),(861,46,'Substitution',295,581),(862,46,'Substitution',295,582),(863,46,'Substitution',295,591),(864,58,'Substitution',295,650),(865,58,'Cartão Amarelo',295,654),(866,64,'Substitution',295,574),(867,68,'Substitution',295,649),(868,68,'Substitution',295,683),(869,69,'Cartão Amarelo',295,581),(870,71,'Cartão Amarelo',295,591),(871,76,'Substitution',295,576),(872,83,'Substitution',295,641),(873,83,'Substitution',295,670),(874,46,'Woodwork',296,22),(875,56,'Cartão Amarelo',296,511),(876,71,'Substitution',296,5),(877,71,'Substitution',296,34),(878,71,'Substitution',296,515),(879,71,'Substitution',296,513),(880,76,'Substitution',296,522),(881,79,'Substitution',296,11),(882,79,'Substitution',296,15),(883,84,'Substitution',296,28),(884,85,'Substitution',296,527),(885,85,'Substitution',296,520),(886,90,'Gol (Gol de campo)',296,11),(887,90,'Gol (Gol de campo)',296,522),(888,90,'Cartão Amarelo',296,522),(889,90,'Cartão Amarelo',296,13),(890,43,'Cartão Amarelo',297,240),(891,59,'Cartão Amarelo',297,259),(892,60,'Substitution',297,257),(893,61,'Gol (Gol de campo)',297,224),(894,70,'Gol anulado (Var)',297,221),(895,72,'Substitution',297,260),(896,73,'Substitution',297,255),(897,74,'Cartão Amarelo',297,212),(898,77,'Substitution',297,213),(899,77,'Substitution',297,232),(900,79,'Substitution',297,249),(901,79,'Substitution',297,251),(902,81,'Substitution',297,684),(903,82,'Gol (Gol de campo)',297,260),(904,13,'Woodwork',293,125),(905,23,'Cartão Amarelo',293,112),(906,45,'Cartão Amarelo',293,482),(907,45,'Pênalti Perdido',293,474),(908,46,'Substitution',293,490),(909,50,'Gol (Gol de campo)',293,489),(910,60,'Gol (Gol de campo)',293,490),(911,62,'Substitution',293,122),(912,62,'Substitution',293,124),(913,62,'Cartão Amarelo',293,499),(914,71,'Substitution',293,107),(915,71,'Substitution',293,108),(916,71,'Cartão Amarelo',293,474),(917,75,'Substitution',293,679),(918,78,'Substitution',293,131),(919,79,'Substitution',293,479),(920,79,'Substitution',293,504),(921,85,'Substitution',293,477),(922,5,'Gol (Gol de campo)',294,281),(923,17,'Substitution',294,419),(924,18,'Gol (Gol de campo)',294,285),(925,25,'Cartão Amarelo',294,265),(926,25,'Cartão Amarelo',294,408),(927,30,'Gol (Gol de campo)',294,411),(928,39,'Gol (Gol de campo)',294,421),(929,44,'Cartão Amarelo',294,419),(930,45,'Cartão Amarelo',294,287),(931,46,'Substitution',294,268),(932,54,'Cartão Amarelo',294,434),(933,55,'Gol (Gol de campo)',294,265),(934,59,'Cartão Amarelo',294,280),(935,65,'Substitution',294,277),(936,66,'Gol (Gol de campo)',294,283),(937,67,'Substitution',294,427),(938,67,'Substitution',294,435),(939,76,'Substitution',294,290),(940,78,'Gol (Gol de campo)',294,280),(941,79,'Substitution',294,418),(942,79,'Substitution',294,415),(943,84,'Substitution',294,294),(944,85,'Substitution',294,278),(945,90,'Cartão Amarelo',294,285),(946,9,'Gol (Gol de campo)',291,167),(947,46,'Substitution',291,317),(948,46,'Gol (Gol de campo)',291,165),(949,59,'Substitution',291,327),(950,59,'Substitution',291,330),(951,65,'Cartão Amarelo',291,192),(952,66,'Substitution',291,181),(953,67,'Gol (Gol de campo)',291,165),(954,76,'Substitution',291,311),(955,76,'Substitution',291,308),(956,77,'Substitution',291,190),(957,78,'Substitution',291,188),(958,83,'Substitution',291,180),(959,83,'Substitution',291,186),(960,14,'Woodwork',292,609),(961,15,'Gol (Gol de campo)',292,78),(962,48,'Gol (Gol de campo)',292,623),(963,53,'Cartão Amarelo',292,88),(964,55,'Woodwork',292,633),(965,59,'Cartão Vermelho',292,78),(966,60,'Cartão Amarelo',292,628),(967,67,'Substitution',292,89),(968,68,'Substitution',292,82),(969,71,'Substitution',292,638),(970,76,'Substitution',292,79),(971,80,'Substitution',292,614),(972,80,'Substitution',292,636),(973,82,'Cartão Amarelo',292,632),(974,83,'Cartão Vermelho',292,84),(975,85,'Substitution',292,73),(976,86,'Substitution',292,91),(977,88,'Cartão Amarelo',292,638),(978,89,'Substitution',292,608),(979,90,'Cartão Amarelo',292,89),(980,11,'Gol (Pênalti)',60,604),(981,15,'Gol anulado (Var)',60,369),(982,18,'Cartão Amarelo',60,615),(983,24,'Gol (Gol de campo)',60,391),(984,33,'Cartão Amarelo',60,375),(985,35,'Cartão Amarelo',60,379),(986,38,'Woodwork',60,614),(987,39,'Gol (Gol de campo)',60,611),(988,46,'Substitution',60,625),(989,51,'Woodwork',60,608),(990,54,'Cartão Amarelo',60,611),(991,54,'Cartão Amarelo',60,371),(992,55,'Cartão Amarelo',60,623),(993,66,'Substitution',60,368),(994,78,'Substitution',60,383),(995,78,'Substitution',60,392),(996,80,'Substitution',60,606),(997,87,'Substitution',60,628),(998,87,'Substitution',60,632),(999,87,'Substitution',60,393),(1000,87,'Substitution',60,399),(1001,90,'Cartão Amarelo',60,604),(1002,90,'Substitution',60,607),(1003,14,'Gol (Gol de campo)',286,23),(1004,43,'Cartão Amarelo',286,19),(1005,46,'Substitution',286,411),(1006,46,'Substitution',286,419),(1007,63,'Substitution',286,424),(1008,63,'Substitution',286,435),(1009,70,'Substitution',286,31),(1010,71,'Substitution',286,3),(1011,73,'Woodwork',286,17),(1012,75,'Cartão Amarelo',286,410),(1013,76,'Cartão Amarelo',286,420),(1014,79,'Substitution',286,7),(1015,83,'Substitution',286,415),(1016,84,'Cartão Amarelo',286,7),(1017,87,'Substitution',286,11),(1018,87,'Substitution',286,15),(1019,90,'Cartão Amarelo',286,11),(1020,90,'Cartão Amarelo',286,31),(1021,28,'Cartão Amarelo',285,66),(1022,41,'Cartão Amarelo',285,56),(1023,45,'Cartão Amarelo',285,557),(1024,62,'Substitution',285,543),(1025,62,'Substitution',285,549),(1026,65,'Cartão Amarelo',285,543),(1027,66,'Substitution',285,40),(1028,66,'Substitution',285,67),(1029,74,'Substitution',285,554),(1030,78,'Substitution',285,39),(1031,78,'Substitution',285,51),(1032,86,'Substitution',285,565),(1033,88,'Substitution',285,45),(1034,88,'Substitution',285,60),(1035,90,'Substitution',285,568),(1036,90,'Cartão Amarelo',285,544),(1037,90,'Cartão Amarelo',285,551),(1038,90,'Cartão Amarelo',285,51),(1039,90,'Cartão Vermelho',285,552),(1040,90,'Cartão Vermelho',285,51),(1041,8,'Gol (Gol de campo)',284,623),(1042,26,'Cartão Amarelo',284,625),(1043,28,'Woodwork',284,358),(1044,45,'Gol (Gol de campo)',284,605),(1045,46,'Substitution',284,357),(1046,48,'Woodwork',284,623),(1047,62,'Substitution',284,363),(1048,63,'Substitution',284,340),(1049,64,'Gol (Gol de campo)',284,354),(1050,68,'Gol (Gol de campo)',284,347),(1051,70,'Substitution',284,622),(1052,70,'Substitution',284,614),(1053,74,'Substitution',284,345),(1054,77,'Substitution',284,607),(1055,78,'Substitution',284,609),(1056,83,'Cartão Vermelho',284,617),(1057,84,'Substitution',284,627),(1058,87,'Substitution',284,362),(1059,35,'Gol (Gol de campo)',287,113),(1060,45,'Cartão Amarelo',287,108),(1061,60,'Substitution',287,257),(1062,60,'Substitution',287,260),(1063,60,'Cartão Amarelo',287,242),(1064,66,'Substitution',287,125),(1065,67,'Substitution',287,255),(1066,67,'Cartão Amarelo',287,112),(1067,70,'Cartão Amarelo',287,244),(1068,73,'Cartão Amarelo',287,258),(1069,73,'Cartão Amarelo',287,104),(1070,75,'Substitution',287,114),(1071,75,'Substitution',287,122),(1072,75,'Substitution',287,124),(1073,77,'Substitution',287,243),(1074,77,'Substitution',287,251),(1075,87,'Substitution',287,118),(1076,88,'Cartão Amarelo',287,250),(1077,90,'Cartão Amarelo',287,118),(1078,90,'Woodwork',287,125),(1079,90,'Cartão Amarelo',287,237),(1080,90,'Cartão Amarelo',287,255),(1081,90,'Cartão Vermelho',287,237),(1082,90,'Gol (Pênalti)',287,125),(1083,3,'Gol (Gol de campo)',288,280),(1084,17,'Gol (Gol de campo)',288,151),(1085,41,'Cartão Amarelo',288,143),(1086,44,'Cartão Amarelo',288,269),(1087,45,'Woodwork',288,280),(1088,45,'Cartão Amarelo',288,288),(1089,51,'Gol anulado (Var)',288,280),(1090,53,'Cartão Amarelo',288,161),(1091,54,'Cartão Amarelo',288,297),(1092,62,'Cartão Amarelo',288,285),(1093,69,'Cartão Amarelo',288,151),(1094,73,'Gol (Pênalti)',288,280),(1095,74,'Substitution',288,136),(1096,74,'Substitution',288,160),(1097,74,'Cartão Amarelo',288,280),(1098,74,'Cartão Amarelo',288,265),(1099,77,'Substitution',288,277),(1100,81,'Substitution',288,133),(1101,81,'Substitution',288,685),(1102,85,'Substitution',288,278),(1103,85,'Substitution',288,284),(1104,87,'Substitution',288,142),(1105,89,'Substitution',288,276),(1106,90,'Substitution',288,294),(1107,90,'Gol (Gol de campo)',288,685),(1108,90,'Cartão Amarelo',288,685),(1109,4,'Gol (Gol de campo)',289,575),(1110,19,'Cartão Amarelo',289,580),(1111,21,'Cartão Amarelo',289,193),(1112,38,'Cartão Amarelo',289,170),(1113,42,'Gol (Gol de campo)',289,578),(1114,63,'Substitution',289,183),(1115,63,'Substitution',289,184),(1116,63,'Substitution',289,190),(1117,63,'Substitution',289,201),(1118,64,'Substitution',289,574),(1119,64,'Substitution',289,596),(1120,73,'Substitution',289,582),(1121,78,'Cartão Amarelo',289,588),(1122,90,'Substitution',289,581),(1123,90,'Substitution',289,593),(1124,4,'Gol (Gol de campo)',290,468),(1125,11,'Gol (Gol de campo)',290,301),(1126,30,'Cartão Amarelo',290,309),(1127,33,'Woodwork',290,459),(1128,45,'Cartão Amarelo',290,443),(1129,45,'Cartão Amarelo',290,458),(1130,46,'Substitution',290,447),(1131,58,'Substitution',290,327),(1132,58,'Substitution',290,330),(1133,66,'Substitution',290,300),(1134,66,'Substitution',290,314),(1135,66,'Substitution',290,454),(1136,67,'Substitution',290,450),(1137,76,'Cartão Amarelo',290,453),(1138,82,'Substitution',290,458),(1139,84,'Substitution',290,304),(1140,87,'Cartão Vermelho',290,304),(1141,89,'Substitution',290,457),(1142,13,'Gol (Gol de campo)',283,391),(1143,18,'Gol (Gol de campo)',283,99),(1144,31,'Substitution',283,374),(1145,35,'Cartão Amarelo',283,98),(1146,60,'Gol (Gol de campo)',283,369),(1147,62,'Substitution',283,83),(1148,62,'Substitution',283,97),(1149,66,'Substitution',283,382),(1150,66,'Substitution',283,404),(1151,69,'Cartão Amarelo',283,76),(1152,73,'Substitution',283,94),(1153,73,'Substitution',283,95),(1154,80,'Cartão Vermelho (Second Yellow Card)',283,98),(1155,84,'Substitution',283,368),(1156,84,'Substitution',283,376),(1157,84,'Substitution',283,87),(1158,86,'Cartão Amarelo',283,380),(1159,88,'Cartão Amarelo',283,385),(1160,90,'Woodwork',283,382),(1161,90,'Cartão Vermelho',283,370),(1162,90,'Gol (Gol de campo)',283,382),(1163,90,'Cartão Amarelo',283,80),(1164,29,'Woodwork',281,511),(1165,30,'Cartão Amarelo',281,660),(1166,32,'Substitution',281,535),(1167,42,'Gol (Gol de campo)',281,521),(1168,46,'Substitution',281,533),(1169,47,'Gol (Gol de campo)',281,529),(1170,55,'Substitution',281,639),(1171,55,'Substitution',281,645),(1172,55,'Substitution',281,661),(1173,68,'Substitution',281,527),(1174,71,'Cartão Amarelo',281,664),(1175,77,'Cartão Amarelo',281,665),(1176,80,'Substitution',281,650),(1177,82,'Substitution',281,512),(1178,82,'Substitution',281,522),(1179,87,'Cartão Amarelo',281,511),(1180,90,'Cartão Amarelo',281,645),(1181,90,'Substitution',281,683),(1182,14,'Woodwork',282,221),(1183,25,'Cartão Amarelo',282,504),(1184,44,'Cartão Amarelo',282,480),(1185,45,'Cartão Amarelo',282,218),(1186,46,'Substitution',282,501),(1187,55,'Gol (Gol de campo)',282,490),(1188,60,'Substitution',282,497),(1189,61,'Substitution',282,206),(1190,61,'Substitution',282,219),(1191,63,'Cartão Amarelo',282,490),(1192,66,'Substitution',282,686),(1193,66,'Cartão Amarelo',282,506),(1194,67,'Cartão Amarelo',282,206),(1195,69,'Woodwork',282,490),(1196,77,'Substitution',282,489),(1197,78,'Substitution',282,231),(1198,78,'Substitution',282,232),(1199,81,'Cartão Amarelo',282,681),(1200,82,'Cartão Amarelo',282,219),(1201,83,'Substitution',282,491),(1202,83,'Substitution',282,492),(1203,90,'Cartão Amarelo',282,492),(1204,90,'Cartão Amarelo',282,483),(1205,90,'Cartão Amarelo',282,473),(1206,21,'Cartão Amarelo',273,455),(1207,23,'Cartão Amarelo',273,569),(1208,46,'Substitution',273,457),(1209,46,'Substitution',273,462),(1210,48,'Gol (Gol de campo)',273,462),(1211,50,'Cartão Amarelo',273,544),(1212,53,'Substitution',273,568),(1213,53,'Substitution',273,567),(1214,56,'Cartão Amarelo',273,553),(1215,57,'Substitution',273,549),(1216,62,'Substitution',273,449),(1217,65,'Substitution',273,454),(1218,68,'Substitution',273,547),(1219,68,'Substitution',273,543),(1220,79,'Cartão Amarelo',273,565),(1221,82,'Substitution',273,447),(1222,85,'Gol (Gol de campo)',273,559),(1223,89,'Cartão Amarelo',273,551),(1224,90,'Cartão Amarelo',273,556),(1225,28,'Cartão Amarelo',274,266),(1226,38,'Cartão Amarelo',274,167),(1227,45,'Cartão Vermelho (Second Yellow Card)',274,266),(1228,45,'Gol (Pênalti)',274,165),(1229,45,'Cartão Amarelo',274,268),(1230,46,'Substitution',274,269),(1231,46,'Substitution',274,276),(1232,46,'Substitution',274,278),(1233,48,'Cartão Amarelo',274,278),(1234,52,'Cartão Amarelo',274,164),(1235,60,'Substitution',274,265),(1236,63,'Cartão Amarelo',274,277),(1237,63,'Cartão Vermelho',274,270),(1238,67,'Substitution',274,272),(1239,69,'Cartão Amarelo',274,176),(1240,70,'Substitution',274,173),(1241,70,'Substitution',274,177),(1242,71,'Substitution',274,183),(1243,75,'Gol (Gol de campo)',274,170),(1244,83,'Gol (Gol de campo)',274,280),(1245,84,'Substitution',274,179),(1246,84,'Substitution',274,193),(1247,85,'Cartão Amarelo',274,267),(1248,88,'Cartão Amarelo',274,173),(1249,90,'Cartão Amarelo',274,169),(1250,90,'Cartão Amarelo',274,177),(1251,90,'Gol (Gol de campo)',274,193),(1252,28,'Gol anulado (Var)',276,665),(1253,31,'Cartão Amarelo',276,480),(1254,45,'Cartão Amarelo',276,475),(1255,45,'Woodwork',276,657),(1256,46,'Substitution',276,497),(1257,67,'Substitution',276,489),(1258,70,'Woodwork',276,497),(1259,71,'Substitution',276,500),(1260,71,'Substitution',276,506),(1261,77,'Substitution',276,650),(1262,77,'Substitution',276,661),(1263,83,'Substitution',276,683),(1264,84,'Gol (Gol de campo)',276,655),(1265,89,'Substitution',276,504),(1266,90,'Cartão Vermelho',276,479),(1267,90,'Substitution',276,648),(1268,90,'Cartão Amarelo',276,652),(1269,16,'Cartão Amarelo',275,584),(1270,45,'Gol (Gol de campo)',275,99),(1271,45,'Cartão Amarelo',275,587),(1272,55,'Substitution',275,596),(1273,55,'Cartão Amarelo',275,78),(1274,56,'Substitution',275,594),(1275,62,'Substitution',275,91),(1276,62,'Cartão Amarelo',275,596),(1277,68,'Substitution',275,590),(1278,71,'Substitution',275,82),(1279,71,'Substitution',275,83),(1280,71,'Cartão Amarelo',275,77),(1281,83,'Substitution',275,591),(1282,83,'Substitution',275,593),(1283,87,'Cartão Amarelo',275,583),(1284,90,'Substitution',275,84),(1285,90,'Substitution',275,87),(1286,13,'Substitution',278,311),(1287,41,'Gol (Gol de campo)',278,303),(1288,46,'Substitution',278,219),(1289,59,'Gol (Gol de campo)',278,214),(1290,61,'Substitution',278,314),(1291,61,'Substitution',278,324),(1292,65,'Cartão Amarelo',278,321),(1293,70,'Substitution',278,232),(1294,71,'Cartão Amarelo',278,310),(1295,78,'Cartão Vermelho',278,326),(1296,82,'Substitution',278,308),(1297,83,'Cartão Amarelo',278,323),(1298,88,'Substitution',278,205),(1299,16,'Woodwork',277,135),(1300,36,'Cartão Amarelo',277,344),(1301,45,'Gol (Pênalti)',277,134),(1302,46,'Substitution',277,346),(1303,51,'Gol (Gol de campo)',277,149),(1304,54,'Cartão Amarelo',277,143),(1305,58,'Gol (Gol de campo)',277,354),(1306,63,'Substitution',277,136),(1307,63,'Substitution',277,147),(1308,63,'Substitution',277,345),(1309,68,'Cartão Amarelo',277,132),(1310,71,'Cartão Amarelo',277,135),(1311,71,'Substitution',277,152),(1312,72,'Substitution',277,142),(1313,82,'Substitution',277,362),(1314,90,'Gol (Gol de campo)',277,149),(1315,90,'Substitution',277,160),(1316,32,'Gol (Gol de campo)',279,253),(1317,52,'Cartão Amarelo',279,511),(1318,65,'Substitution',279,257),(1319,65,'Substitution',279,260),(1320,69,'Substitution',279,510),(1321,70,'Substitution',279,528),(1322,70,'Substitution',279,532),(1323,75,'Substitution',279,255),(1324,78,'Substitution',279,522),(1325,79,'Substitution',279,249),(1326,79,'Substitution',279,243),(1327,81,'Cartão Amarelo',279,240),(1328,84,'Substitution',279,519),(1329,88,'Cartão Amarelo',279,510),(1330,26,'Cartão Amarelo',280,103),(1331,26,'Cartão Amarelo',280,422),(1332,36,'Cartão Amarelo',280,102),(1333,61,'Substitution',280,107),(1334,61,'Substitution',280,108),(1335,61,'Substitution',280,112),(1336,66,'Substitution',280,424),(1337,75,'Substitution',280,104),(1338,75,'Substitution',280,119),(1339,75,'Substitution',280,415),(1340,75,'Substitution',280,430),(1341,80,'Cartão Amarelo',280,425),(1342,86,'Substitution',280,410),(1343,86,'Substitution',280,419),(1344,90,'Gol (Gol de campo)',280,109),(1345,25,'Cartão Amarelo',271,61),(1346,26,'Cartão Amarelo',271,629),(1347,45,'Cartão Amarelo',271,624),(1348,45,'Gol (Pênalti)',271,46),(1349,45,'Cartão Amarelo',271,47),(1350,61,'Substitution',271,612),(1351,61,'Substitution',271,631),(1352,68,'Gol (Gol de campo)',271,604),(1353,74,'Substitution',271,45),(1354,74,'Substitution',271,55),(1355,81,'Substitution',271,605),(1356,82,'Substitution',271,39),(1357,86,'Gol (Pênalti)',271,46),(1358,90,'Substitution',271,51),(1359,90,'Substitution',271,68),(1360,90,'Substitution',271,607),(1361,12,'Cartão Amarelo',272,2),(1362,46,'Substitution',272,17),(1363,60,'Substitution',272,3),(1364,61,'Substitution',272,6),(1365,61,'Substitution',272,392),(1366,61,'Substitution',272,403),(1367,65,'Substitution',272,23),(1368,66,'Cartão Amarelo',272,387),(1369,78,'Substitution',272,20),(1370,81,'Substitution',272,385),(1371,81,'Substitution',272,404),(1372,83,'Cartão Amarelo',272,378),(1373,87,'Cartão Amarelo',272,379),(1374,87,'Gol anulado (Var)',272,2),(1375,88,'Cartão Amarelo',272,26),(1376,89,'Cartão Vermelho',272,392),(1377,90,'Substitution',272,399),(1378,90,'Cartão Amarelo',272,23),(1379,13,'Gol (Gol de campo)',160,141),(1380,21,'Substitution',160,687),(1381,43,'Gol (Gol de campo)',160,569),(1382,46,'Substitution',160,557),(1383,56,'Substitution',160,568),(1384,56,'Substitution',160,573),(1385,61,'Substitution',160,571),(1386,68,'Substitution',160,133),(1387,68,'Cartão Amarelo',160,141),(1388,69,'Substitution',160,570),(1389,72,'Cartão Amarelo',160,571),(1390,72,'Cartão Amarelo',160,573),(1391,75,'Gol (Gol de campo)',160,556),(1392,76,'Substitution',160,132),(1393,76,'Substitution',160,136),(1394,76,'Substitution',160,160),(1395,77,'Gol (Gol de campo)',160,132),(1396,79,'Cartão Amarelo',160,148),(1397,87,'Cartão Amarelo',160,555),(1398,14,'Woodwork',50,510),(1399,14,'Gol (Gol de campo)',50,510),(1400,17,'Cartão Amarelo',50,392),(1401,52,'Substitution',50,535),(1402,53,'Cartão Amarelo',50,540),(1403,56,'Cartão Amarelo',50,529),(1404,59,'Substitution',50,368),(1405,67,'Gol (Gol de campo)',50,387),(1406,72,'Substitution',50,532),(1407,72,'Cartão Amarelo',50,523),(1408,72,'Substitution',50,533),(1409,78,'Gol (Gol de campo)',50,533),(1410,84,'Substitution',50,377),(1411,84,'Substitution',50,388),(1412,84,'Substitution',50,391),(1413,84,'Substitution',50,520),(1414,84,'Substitution',50,522),(1415,85,'Cartão Amarelo',50,368),(1416,85,'Cartão Amarelo',50,520),(1417,90,'Substitution',50,399),(1418,90,'Cartão Amarelo',50,533),(1419,22,'Pênalti Perdido',265,611),(1420,39,'Gol (Gol de campo)',265,611),(1421,46,'Substitution',265,547),(1422,46,'Substitution',265,553),(1423,46,'Substitution',265,567),(1424,52,'Gol (Gol de campo)',265,631),(1425,64,'Substitution',265,559),(1426,64,'Substitution',265,568),(1427,70,'Cartão Amarelo',265,568),(1428,71,'Woodwork',265,545),(1429,74,'Substitution',265,603),(1430,74,'Substitution',265,614),(1431,75,'Substitution',265,604),(1432,78,'Gol (Gol de campo)',265,604),(1433,81,'Substitution',265,607),(1434,81,'Substitution',265,632),(1435,82,'Cartão Amarelo',265,559),(1436,84,'Cartão Amarelo',265,617),(1437,85,'Cartão Amarelo',265,553),(1438,90,'Cartão Amarelo',265,615),(1439,26,'Gol (Gol de campo)',266,59),(1440,45,'Woodwork',266,46),(1441,46,'Substitution',266,323),(1442,52,'Woodwork',266,59),(1443,58,'Substitution',266,300),(1444,58,'Substitution',266,317),(1445,68,'Cartão Amarelo',266,303),(1446,79,'Cartão Amarelo',266,56),(1447,83,'Substitution',266,326),(1448,83,'Substitution',266,45),(1449,84,'Substitution',266,43),(1450,84,'Substitution',266,61),(1451,88,'Substitution',266,309),(1452,90,'Substitution',266,55),(1453,90,'Substitution',266,65),(1454,90,'Cartão Amarelo',266,43),(1455,90,'Cartão Amarelo',266,38),(1456,12,'Gol (Gol de campo)',267,381),(1457,25,'Gol (Gol de campo)',267,129),(1458,42,'Woodwork',267,380),(1459,55,'Gol (Gol de campo)',267,369),(1460,58,'Cartão Vermelho',267,123),(1461,74,'Substitution',267,368),(1462,74,'Substitution',267,377),(1463,75,'Substitution',267,688),(1464,80,'Cartão Amarelo',267,380),(1465,83,'Gol (Gol de campo)',267,368),(1466,86,'Substitution',267,689),(1467,87,'Substitution',267,391),(1468,87,'Substitution',267,393),(1469,88,'Substitution',267,390),(1470,90,'Gol (Gol de campo)',267,689),(1471,90,'Substitution',267,690),(1472,5,'Gol (Gol de campo)',268,167),(1473,19,'Woodwork',268,191),(1474,36,'Substitution',268,146),(1475,42,'Gol (Gol de campo)',268,150),(1476,45,'Cartão Amarelo',268,149),(1477,45,'Cartão Amarelo',268,193),(1478,54,'Gol (Gol de campo)',268,143),(1479,59,'Cartão Amarelo',268,177),(1480,63,'Gol (Gol de campo)',268,134),(1481,64,'Substitution',268,183),(1482,64,'Substitution',268,201),(1483,67,'Substitution',268,133),(1484,67,'Substitution',268,136),(1485,76,'Substitution',268,180),(1486,77,'Substitution',268,169),(1487,77,'Substitution',268,190),(1488,79,'Substitution',268,132),(1489,79,'Substitution',268,152),(1490,79,'Cartão Amarelo',268,201),(1491,84,'Cartão Amarelo',268,169),(1492,90,'Cartão Amarelo',268,190),(1493,30,'Cartão Amarelo',269,232),(1494,58,'Substitution',269,208),(1495,58,'Substitution',269,219),(1496,59,'Substitution',269,212),(1497,66,'Substitution',269,215),(1498,71,'Substitution',269,596),(1499,71,'Substitution',269,593),(1500,72,'Substitution',269,223),(1501,81,'Substitution',269,574),(1502,82,'Cartão Vermelho',269,228),(1503,90,'Substitution',269,591),(1504,9,'Cartão Amarelo',270,513),(1505,30,'Woodwork',270,529),(1506,46,'Substitution',270,425),(1507,63,'Substitution',270,430),(1508,68,'Substitution',270,535),(1509,69,'Substitution',270,532),(1510,69,'Substitution',270,533),(1511,73,'Substitution',270,421),(1512,73,'Cartão Amarelo',270,409),(1513,83,'Substitution',270,510),(1514,85,'Cartão Amarelo',270,517),(1515,86,'Substitution',270,418),(1516,86,'Substitution',270,432),(1517,90,'Substitution',270,522),(1518,90,'Cartão Amarelo',270,432),(1519,5,'Cartão Amarelo',262,287),(1520,29,'Cartão Amarelo',262,648),(1521,32,'Cartão Amarelo',262,639),(1522,34,'Cartão Amarelo',262,297),(1523,45,'Cartão Amarelo',262,665),(1524,45,'Gol (Gol de campo)',262,268),(1525,46,'Substitution',262,278),(1526,49,'Cartão Amarelo',262,278),(1527,55,'Gol (Gol de campo)',262,268),(1528,59,'Cartão Amarelo',262,645),(1529,67,'Substitution',262,265),(1530,68,'Substitution',262,269),(1531,76,'Substitution',262,655),(1532,76,'Substitution',262,661),(1533,79,'Substitution',262,271),(1534,79,'Substitution',262,656),(1535,80,'Substitution',262,650),(1536,80,'Substitution',262,657),(1537,83,'Gol (Gol de campo)',262,283),(1538,85,'Substitution',262,290),(1539,21,'Cartão Amarelo',261,453),(1540,39,'Cartão Amarelo',261,338),(1541,45,'Cartão Amarelo',261,439),(1542,45,'Gol (Pênalti)',261,351),(1543,45,'Cartão Amarelo',261,363),(1544,45,'Cartão Amarelo',261,440),(1545,50,'Cartão Amarelo',261,352),(1546,51,'Woodwork',261,352),(1547,58,'Cartão Amarelo',261,461),(1548,58,'Cartão Amarelo',261,691),(1549,63,'Substitution',261,345),(1550,63,'Substitution',261,346),(1551,67,'Substitution',261,447),(1552,67,'Substitution',261,455),(1553,67,'Substitution',261,460),(1554,71,'Substitution',261,340),(1555,74,'Substitution',261,362),(1556,74,'Substitution',261,692),(1557,78,'Substitution',261,463),(1558,78,'Substitution',261,462),(1559,90,'Cartão Amarelo',261,693),(1560,60,'Substitution',263,21),(1561,65,'Substitution',263,474),(1562,65,'Substitution',263,506),(1563,68,'Substitution',263,495),(1564,69,'Substitution',263,3),(1565,69,'Substitution',263,28),(1566,74,'Substitution',263,23),(1567,75,'Substitution',263,2),(1568,76,'Substitution',263,480),(1569,76,'Substitution',263,492),(1570,82,'Cartão Amarelo',263,478),(1571,90,'Substitution',263,478),(1572,90,'Substitution',263,6),(1573,90,'Cartão Amarelo',263,15),(1574,90,'Gol (Gol de campo)',263,26),(1575,18,'Cartão Amarelo',264,85),(1576,20,'Cartão Amarelo',264,254),(1577,28,'Gol (Gol de campo)',264,78),(1578,30,'Gol (Gol de campo)',264,242),(1579,37,'Gol (Gol de campo)',264,78),(1580,41,'Cartão Amarelo',264,76),(1581,46,'Substitution',264,257),(1582,46,'Substitution',264,262),(1583,74,'Substitution',264,249),(1584,74,'Substitution',264,255),(1585,74,'Substitution',264,260),(1586,76,'Substitution',264,79),(1587,76,'Substitution',264,83),(1588,79,'Pênalti Perdido',264,83),(1589,80,'Gol (Gol de campo)',264,83),(1590,82,'Substitution',264,82),(1591,83,'Cartão Vermelho',264,73),(1592,87,'Substitution',264,84),(1593,87,'Substitution',264,91),(1594,89,'Gol (Gol de campo)',264,79),(1595,2,'Substitution',260,575),(1596,11,'Gol (Pênalti)',260,134),(1597,13,'Substitution',260,594),(1598,13,'Cartão Amarelo',260,587),(1599,13,'Cartão Amarelo',260,578),(1600,22,'Woodwork',260,151),(1601,35,'Cartão Amarelo',260,162),(1602,41,'Gol (Gol de campo)',260,140),(1603,46,'Substitution',260,590),(1604,56,'Woodwork',260,149),(1605,65,'Substitution',260,136),(1606,65,'Substitution',260,160),(1607,73,'Gol (Gol de campo)',260,141),(1608,79,'Substitution',260,132),(1609,79,'Substitution',260,133),(1610,79,'Substitution',260,576),(1611,79,'Substitution',260,586),(1612,84,'Substitution',260,137),(1613,9,'Cartão Amarelo',255,557),(1614,28,'Gol (Gol de campo)',255,392),(1615,34,'Cartão Amarelo',255,544),(1616,44,'Gol (Pênalti)',255,544),(1617,53,'Gol (Gol de campo)',255,375),(1618,54,'Substitution',255,562),(1619,55,'Substitution',255,558),(1620,60,'Substitution',255,573),(1621,63,'Gol (Gol de campo)',255,694),(1622,66,'Cartão Amarelo',255,564),(1623,68,'Cartão Amarelo',255,558),(1624,72,'Substitution',255,368),(1625,77,'Cartão Amarelo',255,695),(1626,77,'Substitution',255,374),(1627,77,'Cartão Amarelo',255,375),(1628,79,'Substitution',255,546),(1629,80,'Substitution',255,570),(1630,88,'Substitution',255,390),(1631,88,'Substitution',255,399),(1632,1,'Gol (Gol de campo)',254,59),(1633,15,'Gol (Gol de campo)',254,42),(1634,18,'Gol (Gol Contra)',254,517),(1635,46,'Substitution',254,529),(1636,46,'Substitution',254,528),(1637,52,'Gol (Gol de campo)',254,67),(1638,60,'Cartão Amarelo',254,520),(1639,63,'Substitution',254,511),(1640,63,'Cartão Amarelo',254,517),(1641,67,'Cartão Vermelho',254,53),(1642,71,'Substitution',254,45),(1643,71,'Substitution',254,46),(1644,71,'Substitution',254,60),(1645,77,'Gol (Gol de campo)',254,46),(1646,78,'Substitution',254,512),(1647,79,'Woodwork',254,523),(1648,80,'Substitution',254,39),(1649,80,'Substitution',254,61),(1650,84,'Substitution',254,522),(1651,8,'Cartão Amarelo',256,440),(1652,17,'Cartão Amarelo',256,441),(1653,27,'Substitution',256,468),(1654,27,'Gol (Gol de campo)',256,490),(1655,33,'Cartão Amarelo',256,501),(1656,46,'Substitution',256,443),(1657,53,'Cartão Amarelo',256,681),(1658,56,'Woodwork',256,443),(1659,60,'Substitution',256,478),(1660,62,'Cartão Amarelo',256,483),(1661,64,'Substitution',256,495),(1662,64,'Substitution',256,489),(1663,65,'Cartão Amarelo',256,443),(1664,73,'Substitution',256,455),(1665,73,'Substitution',256,462),(1666,77,'Cartão Amarelo',256,476),(1667,79,'Substitution',256,480),(1668,79,'Substitution',256,492),(1669,81,'Gol (Gol de campo)',256,445),(1670,82,'Substitution',256,457),(1671,83,'Gol (Gol de campo)',256,457),(1672,90,'Cartão Amarelo',256,462),(1673,90,'Cartão Amarelo',256,457),(1674,5,'Cartão Amarelo',257,173),(1675,19,'Cartão Amarelo',257,221),(1676,43,'Cartão Amarelo',257,218),(1677,43,'Cartão Amarelo',257,182),(1678,45,'Cartão Amarelo',257,207),(1679,59,'Gol (Gol de campo)',257,201),(1680,60,'Substitution',257,223),(1681,69,'Substitution',257,224),(1682,73,'Substitution',257,163),(1683,73,'Substitution',257,179),(1684,74,'Cartão Amarelo',257,224),(1685,82,'Substitution',257,181),(1686,82,'Substitution',257,198),(1687,88,'Substitution',257,213),(1688,88,'Substitution',257,231),(1689,88,'Substitution',257,176),(1690,89,'Substitution',257,232),(1691,90,'Cartão Amarelo',257,193),(1692,23,'Cartão Amarelo',258,624),(1693,51,'Gol (Gol de campo)',258,242),(1694,58,'Gol (Gol de campo)',258,240),(1695,64,'Substitution',258,603),(1696,64,'Substitution',258,611),(1697,64,'Substitution',258,609),(1698,64,'Substitution',258,614),(1699,74,'Substitution',258,255),(1700,74,'Substitution',258,257),(1701,74,'Substitution',258,260),(1702,74,'Substitution',258,607),(1703,79,'Substitution',258,262),(1704,80,'Cartão Amarelo',258,250),(1705,82,'Cartão Amarelo',258,617),(1706,86,'Substitution',258,251),(1707,90,'Cartão Amarelo',258,611),(1708,90,'Gol (Gol de campo)',258,260),(1709,18,'Substitution',259,108),(1710,45,'Cartão Amarelo',259,320),(1711,62,'Woodwork',259,112),(1712,63,'Substitution',259,123),(1713,63,'Substitution',259,126),(1714,63,'Substitution',259,327),(1715,69,'Woodwork',259,121),(1716,72,'Gol (Gol de campo)',259,109),(1717,74,'Substitution',259,300),(1718,74,'Substitution',259,323),(1719,83,'Substitution',259,103),(1720,83,'Substitution',259,130),(1721,85,'Substitution',259,317),(1722,85,'Substitution',259,326),(1723,87,'Gol (Gol de campo)',259,300),(1724,11,'Cartão Amarelo',251,645),(1725,11,'Cartão Amarelo',251,347),(1726,12,'Cartão Amarelo',251,358),(1727,13,'Gol (Gol de campo)',251,347),(1728,16,'Cartão Amarelo',251,351),(1729,46,'Substitution',251,655),(1730,53,'Cartão Amarelo',251,355),(1731,54,'Cartão Amarelo',251,639),(1732,64,'Cartão Amarelo',251,657),(1733,65,'Substitution',251,345),(1734,73,'Substitution',251,346),(1735,73,'Substitution',251,363),(1736,74,'Substitution',251,696),(1737,78,'Gol (Gol de campo)',251,352),(1738,80,'Substitution',251,641),(1739,81,'Substitution',251,656),(1740,81,'Substitution',251,665),(1741,86,'Cartão Amarelo',251,352),(1742,87,'Substitution',251,340),(1743,87,'Substitution',251,362),(1744,90,'Cartão Amarelo',251,346),(1745,14,'Gol (Gol de campo)',252,94),(1746,28,'Gol (Gol de campo)',252,416),(1747,39,'Cartão Amarelo',252,80),(1748,48,'Woodwork',252,435),(1749,58,'Substitution',252,414),(1750,60,'Substitution',252,89),(1751,61,'Cartão Amarelo',252,435),(1752,68,'Substitution',252,83),(1753,68,'Substitution',252,84),(1754,71,'Substitution',252,419),(1755,71,'Substitution',252,424),(1756,78,'Substitution',252,76),(1757,78,'Substitution',252,96),(1758,85,'Substitution',252,415),(1759,85,'Cartão Amarelo',252,86),(1760,90,'Cartão Amarelo',252,416),(1761,39,'Gol (Gol de campo)',253,26),(1762,44,'Pênalti Perdido',253,268),(1763,46,'Substitution',253,271),(1764,46,'Substitution',253,297),(1765,61,'Cartão Amarelo',253,14),(1766,63,'Gol (Pênalti)',253,283),(1767,67,'Gol (Gol de campo)',253,21),(1768,68,'Substitution',253,11),(1769,68,'Substitution',253,29),(1770,74,'Substitution',253,269),(1771,75,'Substitution',253,6),(1772,80,'Substitution',253,3),(1773,80,'Substitution',253,15),(1774,82,'Substitution',253,278),(1775,82,'Substitution',253,286),(1776,89,'Cartão Amarelo',253,288),(1777,90,'Cartão Vermelho',253,275),(1778,90,'Cartão Amarelo',253,270),(1779,90,'Cartão Amarelo',253,283),(1780,21,'Gol (Gol de campo)',188,134),(1781,33,'Cartão Amarelo',188,82),(1782,42,'Cartão Amarelo',188,84),(1783,45,'Cartão Amarelo',188,135),(1784,45,'Gol (Gol de campo)',188,74),(1785,63,'Substitution',188,685),(1786,67,'Substitution',188,87),(1787,67,'Substitution',188,96),(1788,69,'Cartão Amarelo',188,87),(1789,76,'Cartão Amarelo',188,77),(1790,77,'Substitution',188,152),(1791,77,'Substitution',188,160),(1792,78,'Woodwork',188,134),(1793,83,'Woodwork',188,148),(1794,83,'Gol (Gol de campo)',188,160),(1795,85,'Cartão Vermelho (Second Yellow Card)',188,77),(1796,88,'Substitution',188,136),(1797,90,'Substitution',188,79),(1798,90,'Substitution',188,95),(1799,90,'Substitution',188,98),(1800,90,'Cartão Amarelo',188,152),(1801,46,'Substitution',159,446),(1802,57,'Cartão Amarelo',159,583),(1803,59,'Substitution',159,576),(1804,61,'Cartão Amarelo',159,461),(1805,69,'Substitution',159,444),(1806,69,'Substitution',159,457),(1807,73,'Substitution',159,596),(1808,73,'Substitution',159,593),(1809,73,'Substitution',159,594),(1810,84,'Substitution',159,468),(1811,84,'Cartão Amarelo',159,580),(1812,87,'Substitution',159,586),(1813,90,'Cartão Amarelo',159,596),(1814,90,'Substitution',159,463),(1815,15,'Woodwork',243,603),(1816,20,'Cartão Vermelho',243,398),(1817,29,'Cartão Amarelo',243,603),(1818,32,'Gol (Gol de campo)',243,369),(1819,39,'Cartão Amarelo',243,611),(1820,41,'Woodwork',243,381),(1821,41,'Gol (Gol de campo)',243,381),(1822,46,'Substitution',243,605),(1823,46,'Substitution',243,628),(1824,54,'Woodwork',243,369),(1825,59,'Substitution',243,377),(1826,59,'Substitution',243,396),(1827,67,'Substitution',243,629),(1828,68,'Substitution',243,631),(1829,71,'Cartão Amarelo',243,378),(1830,73,'Gol (Pênalti)',243,614),(1831,74,'Substitution',243,403),(1832,78,'Cartão Amarelo',243,628),(1833,88,'Substitution',243,607),(1834,90,'Substitution',243,374),(1835,90,'Substitution',243,399),(1836,90,'Gol (Pênalti)',243,628),(1837,90,'Gol (Gol de campo)',243,605),(1838,9,'Gol (Pênalti)',244,211),(1839,24,'Substitution',244,664),(1840,25,'Gol (Gol de campo)',244,218),(1841,33,'Gol (Gol de campo)',244,639),(1842,45,'Cartão Amarelo',244,648),(1843,46,'Substitution',244,233),(1844,49,'Cartão Amarelo',244,644),(1845,55,'Substitution',244,213),(1846,56,'Gol (Gol de campo)',244,221),(1847,60,'Cartão Amarelo',244,654),(1848,63,'Cartão Amarelo',244,212),(1849,64,'Substitution',244,658),(1850,65,'Substitution',244,697),(1851,67,'Cartão Amarelo',244,658),(1852,68,'Substitution',244,235),(1853,76,'Substitution',244,646),(1854,76,'Substitution',244,696),(1855,83,'Cartão Amarelo',244,204),(1856,84,'Cartão Amarelo',244,696),(1857,87,'Substitution',244,209),(1858,87,'Substitution',244,208),(1859,7,'Cartão Amarelo',245,110),(1860,8,'Substitution',245,280),(1861,16,'Cartão Amarelo',245,113),(1862,20,'Cartão Amarelo',245,290),(1863,26,'Gol (Gol de campo)',245,290),(1864,29,'Cartão Amarelo',245,287),(1865,37,'Cartão Amarelo',245,275),(1866,37,'Gol (Pênalti)',245,117),(1867,46,'Substitution',245,125),(1868,48,'Cartão Amarelo',245,277),(1869,59,'Substitution',245,268),(1870,60,'Gol (Gol de campo)',245,268),(1871,62,'Cartão Amarelo',245,268),(1872,63,'Substitution',245,118),(1873,65,'Cartão Amarelo',245,118),(1874,68,'Substitution',245,123),(1875,68,'Substitution',245,126),(1876,77,'Substitution',245,294),(1877,77,'Substitution',245,299),(1878,86,'Substitution',245,129),(1879,90,'Cartão Amarelo',245,276),(1880,90,'Cartão Vermelho',245,280),(1881,90,'Cartão Amarelo',245,123),(1882,90,'Cartão Vermelho',245,285),(1883,90,'Cartão Vermelho',245,125),(1884,21,'Woodwork',247,201),(1885,31,'Gol (Gol de campo)',247,506),(1886,32,'Cartão Amarelo',247,164),(1887,38,'Cartão Amarelo',247,169),(1888,42,'Cartão Amarelo',247,191),(1889,46,'Substitution',247,167),(1890,46,'Substitution',247,173),(1891,46,'Substitution',247,187),(1892,50,'Cartão Amarelo',247,483),(1893,58,'Cartão Amarelo',247,501),(1894,64,'Substitution',247,491),(1895,64,'Substitution',247,489),(1896,79,'Substitution',247,480),(1897,79,'Substitution',247,177),(1898,80,'Cartão Amarelo',247,480),(1899,85,'Substitution',247,478),(1900,85,'Substitution',247,498),(1901,85,'Substitution',247,193),(1902,86,'Cartão Amarelo',247,472),(1903,90,'Gol (Gol de campo)',247,480),(1904,90,'Cartão Amarelo',247,192),(1905,10,'Woodwork',248,698),(1906,20,'Cartão Amarelo',248,569),(1907,28,'Cartão Amarelo',248,252),(1908,29,'Substitution',248,567),(1909,29,'Cartão Amarelo',248,547),(1910,31,'Substitution',248,255),(1911,33,'Cartão Amarelo',248,259),(1912,60,'Substitution',248,558),(1913,60,'Substitution',248,570),(1914,64,'Gol (Gol de campo)',248,565),(1915,71,'Substitution',248,249),(1916,71,'Substitution',248,257),(1917,71,'Substitution',248,260),(1918,72,'Gol (Gol de campo)',248,259),(1919,76,'Substitution',248,564),(1920,76,'Substitution',248,573),(1921,77,'Cartão Amarelo',248,250),(1922,79,'Woodwork',248,545),(1923,87,'Substitution',248,251),(1924,90,'Gol (Gol de campo)',248,570),(1925,8,'Gol (Gol de campo)',249,54),(1926,31,'Cartão Amarelo',249,425),(1927,45,'Cartão Amarelo',249,416),(1928,46,'Substitution',249,412),(1929,46,'Substitution',249,415),(1930,48,'Cartão Amarelo',249,40),(1931,54,'Woodwork',249,54),(1932,58,'Substitution',249,419),(1933,58,'Gol (Gol de campo)',249,67),(1934,65,'Substitution',249,60),(1935,66,'Substitution',249,45),(1936,69,'Substitution',249,435),(1937,70,'Woodwork',249,422),(1938,72,'Substitution',249,61),(1939,79,'Substitution',249,46),(1940,79,'Substitution',249,66),(1941,81,'Substitution',249,411),(1942,46,'Substitution',246,301),(1943,46,'Substitution',246,311),(1944,61,'Substitution',246,353),(1945,61,'Substitution',246,351),(1946,63,'Substitution',246,330),(1947,72,'Substitution',246,362),(1948,72,'Substitution',246,363),(1949,72,'Gol (Gol de campo)',246,321),(1950,74,'Cartão Amarelo',246,341),(1951,76,'Substitution',246,326),(1952,77,'Substitution',246,345),(1953,84,'Cartão Amarelo',246,321),(1954,85,'Cartão Amarelo',246,353),(1955,90,'Cartão Amarelo',246,326),(1956,90,'Woodwork',246,351),(1957,90,'Cartão Amarelo',246,305),(1958,90,'Cartão Amarelo',246,345),(1959,4,'Cartão Amarelo',250,143),(1960,27,'Woodwork',250,152),(1961,30,'Gol (Gol de campo)',250,141),(1962,34,'Gol (Gol de campo)',250,162),(1963,45,'Cartão Vermelho',250,442),(1964,45,'Substitution',250,457),(1965,45,'Substitution',250,466),(1966,46,'Substitution',250,136),(1967,53,'Woodwork',250,149),(1968,59,'Gol (Gol de campo)',250,151),(1969,64,'Substitution',250,132),(1970,65,'Substitution',250,134),(1971,68,'Cartão Amarelo',250,149),(1972,74,'Substitution',250,446),(1973,75,'Substitution',250,455),(1974,76,'Substitution',250,160),(1975,76,'Cartão Amarelo',250,461),(1976,86,'Substitution',250,468),(1977,86,'Substitution',250,153),(1978,90,'Gol (Gol de campo)',250,455),(1979,35,'Gol (Gol de campo)',241,510),(1980,46,'Substitution',241,580),(1981,57,'Gol (Gol de campo)',241,578),(1982,63,'Substitution',241,584),(1983,63,'Substitution',241,586),(1984,67,'Gol (Gol de campo)',241,580),(1985,69,'Substitution',241,582),(1986,69,'Substitution',241,523),(1987,69,'Substitution',241,535),(1988,71,'Cartão Amarelo',241,584),(1989,76,'Substitution',241,512),(1990,80,'Cartão Amarelo',241,587),(1991,81,'Substitution',241,536),(1992,81,'Substitution',241,537),(1993,88,'Substitution',241,575),(1994,90,'Cartão Amarelo',241,577),(1995,90,'Cartão Amarelo',241,581),(1996,6,'Substitution',242,8),(1997,40,'Cartão Amarelo',242,81),(1998,44,'Cartão Amarelo',242,19),(1999,49,'Cartão Amarelo',242,99),(2000,65,'Substitution',242,15),(2001,65,'Substitution',242,82),(2002,65,'Substitution',242,91),(2003,72,'Substitution',242,7),(2004,72,'Substitution',242,11),(2005,72,'Substitution',242,31),(2006,72,'Cartão Amarelo',242,2),(2007,73,'Gol (Gol de campo)',242,23),(2008,78,'Substitution',242,93),(2009,78,'Substitution',242,97),(2010,82,'Substitution',242,87),(2011,90,'Cartão Amarelo',242,91),(2012,90,'Gol (Gol de campo)',242,23),(2013,90,'Cartão Amarelo',242,8),(2014,90,'Cartão Amarelo',242,97),(2015,11,'Cartão Amarelo',49,146),(2016,13,'Cartão Amarelo',49,162),(2017,25,'Substitution',49,221),(2018,28,'Cartão Amarelo',49,233),(2019,32,'Cartão Vermelho',49,146),(2020,35,'Substitution',49,148),(2021,46,'Substitution',49,235),(2022,51,'Cartão Amarelo',49,140),(2023,55,'Woodwork',49,212),(2024,56,'Cartão Amarelo',49,228),(2025,58,'Cartão Amarelo',49,147),(2026,64,'Substitution',49,132),(2027,64,'Substitution',49,136),(2028,64,'Substitution',49,152),(2029,72,'Substitution',49,231),(2030,72,'Cartão Amarelo',49,135),(2031,79,'Cartão Amarelo',49,141),(2032,79,'Cartão Amarelo',49,132),(2033,81,'Pênalti Perdido',49,221),(2034,88,'Substitution',49,213),(2035,90,'Substitution',49,137),(2036,33,'Cartão Amarelo',187,557),(2037,36,'Gol (Gol de campo)',187,518),(2038,40,'Cartão Amarelo',187,531),(2039,44,'Cartão Amarelo',187,520),(2040,45,'Cartão Amarelo',187,533),(2041,46,'Substitution',187,562),(2042,46,'Substitution',187,569),(2043,67,'Substitution',187,529),(2044,67,'Substitution',187,570),(2045,68,'Substitution',187,535),(2046,73,'Substitution',187,549),(2047,74,'Substitution',187,573),(2048,81,'Cartão Amarelo',187,570),(2049,82,'Substitution',187,510),(2050,82,'Substitution',187,536),(2051,82,'Substitution',187,541),(2052,90,'Cartão Amarelo',187,559),(2053,14,'Cartão Amarelo',240,408),(2054,24,'Gol (Gol de campo)',240,409),(2055,28,'Cartão Amarelo',240,435),(2056,33,'Woodwork',240,303),(2057,46,'Substitution',240,327),(2058,48,'Cartão Amarelo',240,326),(2059,63,'Substitution',240,417),(2060,68,'Gol (Gol de campo)',240,323),(2061,74,'Gol anulado (Var)',240,319),(2062,76,'Substitution',240,415),(2063,76,'Substitution',240,419),(2064,84,'Substitution',240,330),(2065,86,'Gol (Gol de campo)',240,303),(2066,88,'Substitution',240,424),(2067,88,'Substitution',240,432),(2068,90,'Substitution',240,324),(2069,90,'Cartão Vermelho',240,430),(2070,25,'Cartão Amarelo',234,254),(2071,32,'Cartão Amarelo',234,19),(2072,35,'Cartão Amarelo',234,258),(2073,35,'Cartão Amarelo',234,14),(2074,41,'Cartão Amarelo',234,247),(2075,54,'Cartão Amarelo',234,24),(2076,57,'Woodwork',234,14),(2077,63,'Substitution',234,11),(2078,67,'Woodwork',234,23),(2079,71,'Cartão Amarelo',234,237),(2080,74,'Substitution',234,257),(2081,74,'Substitution',234,260),(2082,84,'Substitution',234,251),(2083,84,'Cartão Amarelo',234,8),(2084,85,'Substitution',234,262),(2085,85,'Substitution',234,28),(2086,90,'Substitution',234,7),(2087,90,'Substitution',234,10),(2088,90,'Substitution',234,30),(2089,9,'Substitution',235,278),(2090,35,'Cartão Amarelo',235,99),(2091,42,'Cartão Amarelo',235,272),(2092,46,'Substitution',235,268),(2093,46,'Substitution',235,280),(2094,46,'Substitution',235,294),(2095,55,'Substitution',235,87),(2096,55,'Cartão Amarelo',235,81),(2097,56,'Substitution',235,84),(2098,70,'Cartão Amarelo',235,277),(2099,71,'Substitution',235,94),(2100,73,'Cartão Amarelo',235,270),(2101,77,'Gol (Gol de campo)',235,82),(2102,79,'Substitution',235,296),(2103,81,'Substitution',235,79),(2104,81,'Substitution',235,91),(2105,82,'Cartão Amarelo',235,79),(2106,7,'Woodwork',236,382),(2107,19,'Cartão Amarelo',236,530),(2108,41,'Cartão Amarelo',236,381),(2109,46,'Substitution',236,533),(2110,56,'Cartão Amarelo',236,518),(2111,65,'Substitution',236,523),(2112,65,'Substitution',236,529),(2113,72,'Substitution',236,391),(2114,73,'Substitution',236,388),(2115,74,'Substitution',236,531),(2116,75,'Substitution',236,528),(2117,86,'Gol (Gol de campo)',236,392),(2118,89,'Substitution',236,377),(2119,89,'Substitution',236,399),(2120,90,'Substitution',236,398),(2121,3,'Woodwork',237,173),(2122,6,'Gol (Gol de campo)',237,201),(2123,26,'Substitution',237,338),(2124,30,'Gol (Gol de campo)',237,177),(2125,46,'Substitution',237,357),(2126,55,'Substitution',237,361),(2127,55,'Substitution',237,362),(2128,62,'Gol (Pênalti)',237,347),(2129,69,'Substitution',237,181),(2130,70,'Substitution',237,193),(2131,78,'Substitution',237,180),(2132,78,'Substitution',237,202),(2133,82,'Substitution',237,363),(2134,86,'Cartão Amarelo',237,346),(2135,87,'Cartão Amarelo',237,362),(2136,90,'Substitution',237,192),(2137,17,'Cartão Amarelo',238,149),(2138,45,'Cartão Amarelo',238,157),(2139,46,'Substitution',238,699),(2140,49,'Cartão Amarelo',238,207),(2141,58,'Substitution',238,208),(2142,58,'Substitution',238,233),(2143,60,'Substitution',238,134),(2144,62,'Cartão Amarelo',238,211),(2145,67,'Substitution',238,235),(2146,70,'Gol (Gol de campo)',238,141),(2147,75,'Cartão Amarelo',238,139),(2148,77,'Substitution',238,132),(2149,77,'Substitution',238,136),(2150,77,'Substitution',238,152),(2151,80,'Substitution',238,221),(2152,89,'Substitution',238,148),(2153,9,'Woodwork',239,569),(2154,16,'Gol (Gol de campo)',239,122),(2155,30,'Cartão Amarelo',239,557),(2156,32,'Substitution',239,564),(2157,46,'Substitution',239,547),(2158,57,'Gol (Gol de campo)',239,565),(2159,59,'Gol (Gol Contra)',239,549),(2160,67,'Cartão Amarelo',239,112),(2161,74,'Substitution',239,113),(2162,74,'Substitution',239,131),(2163,77,'Substitution',239,573),(2164,83,'Substitution',239,114),(2165,83,'Substitution',239,115),(2166,85,'Substitution',239,700),(2167,85,'Substitution',239,701),(2168,90,'Substitution',239,130),(2169,5,'Cartão Amarelo',231,448),(2170,9,'Cartão Amarelo',231,657),(2171,19,'Cartão Amarelo',231,453),(2172,45,'Cartão Amarelo',231,653),(2173,45,'Cartão Amarelo',231,441),(2174,46,'Substitution',231,461),(2175,47,'Gol (Gol de campo)',231,649),(2176,54,'Cartão Amarelo',231,655),(2177,59,'Substitution',231,444),(2178,62,'Substitution',231,646),(2179,62,'Substitution',231,654),(2180,64,'Cartão Amarelo',231,459),(2181,72,'Substitution',231,446),(2182,72,'Substitution',231,682),(2183,75,'Substitution',231,664),(2184,75,'Substitution',231,696),(2185,80,'Cartão Vermelho (Second Yellow Card)',231,653),(2186,82,'Substitution',231,468),(2187,84,'Substitution',231,663),(2188,89,'Cartão Amarelo',231,646),(2189,90,'Gol (Gol de campo)',231,446),(2190,90,'Cartão Vermelho (Second Yellow Card)',231,453),(2191,90,'Cartão Amarelo',231,455),(2192,90,'Gol (Pênalti)',231,664),(2193,15,'Gol (Gol de campo)',232,47),(2194,21,'Substitution',232,40),(2195,27,'Gol (Pênalti)',232,67),(2196,32,'Gol (Gol de campo)',232,67),(2197,38,'Substitution',232,574),(2198,38,'Substitution',232,590),(2199,45,'Gol (Gol de campo)',232,54),(2200,53,'Cartão Amarelo',232,56),(2201,56,'Gol (Gol de campo)',232,42),(2202,60,'Substitution',232,584),(2203,60,'Substitution',232,576),(2204,61,'Substitution',232,45),(2205,62,'Substitution',232,65),(2206,82,'Substitution',232,61),(2207,82,'Substitution',232,578),(2208,83,'Substitution',232,55),(2209,84,'Cartão Amarelo',232,578),(2210,23,'Gol (Gol de campo)',233,497),(2211,23,'Cartão Amarelo',233,625),(2212,42,'Cartão Amarelo',233,615),(2213,43,'Cartão Amarelo',233,474),(2214,46,'Substitution',233,621),(2215,46,'Substitution',233,633),(2216,51,'Substitution',233,629),(2217,59,'Gol (Gol de campo)',233,490),(2218,63,'Substitution',233,508),(2219,63,'Cartão Amarelo',233,629),(2220,70,'Substitution',233,611),(2221,70,'Substitution',233,622),(2222,71,'Cartão Amarelo',233,499),(2223,75,'Substitution',233,489),(2224,75,'Substitution',233,501),(2225,78,'Cartão Amarelo',233,612),(2226,78,'Cartão Amarelo',233,488),(2227,81,'Cartão Amarelo',233,621),(2228,83,'Substitution',233,498),(2229,90,'Cartão Amarelo',233,476),(2230,25,'Gol (Pênalti)',230,337),(2231,29,'Gol (Gol de campo)',230,347),(2232,38,'Cartão Vermelho',230,341),(2233,41,'Substitution',230,357),(2234,46,'Substitution',230,338),(2235,46,'Substitution',230,212),(2236,50,'Substitution',230,213),(2237,65,'Substitution',230,210),(2238,65,'Substitution',230,231),(2239,69,'Substitution',230,361),(2240,69,'Substitution',230,362),(2241,78,'Gol (Gol de campo)',230,210),(2242,78,'Cartão Amarelo',230,361),(2243,79,'Substitution',230,206),(2244,82,'Substitution',230,349),(2245,83,'Cartão Amarelo',230,212),(2246,84,'Gol (Gol de campo)',230,210),(2247,90,'Cartão Amarelo',230,209),(2248,90,'Cartão Amarelo',230,206),(2249,11,'Substitution',225,189),(2250,43,'Cartão Amarelo',225,185),(2251,45,'Cartão Amarelo',225,68),(2252,45,'Cartão Amarelo',225,49),(2253,52,'Gol (Gol de campo)',225,59),(2254,59,'Cartão Amarelo',225,44),(2255,60,'Substitution',225,167),(2256,60,'Substitution',225,165),(2257,67,'Substitution',225,176),(2258,71,'Substitution',225,42),(2259,71,'Substitution',225,52),(2260,71,'Substitution',225,60),(2261,72,'Gol (Gol de campo)',225,167),(2262,74,'Cartão Amarelo',225,167),(2263,78,'Gol anulado (Var)',225,55),(2264,81,'Substitution',225,54),(2265,81,'Substitution',225,65),(2266,82,'Substitution',225,163),(2267,82,'Substitution',225,169),(2268,87,'Substitution',225,45),(2269,90,'Cartão Amarelo',225,40),(2270,90,'Cartão Vermelho (Second Yellow Card)',225,167),(2271,90,'Gol (Gol de campo)',225,59),(2272,90,'Cartão Amarelo',225,59),(2273,90,'Cartão Vermelho',225,43),(2274,90,'Cartão Vermelho',225,190),(2275,17,'Substitution',226,644),(2276,28,'Substitution',226,649),(2277,45,'Cartão Amarelo',226,647),(2278,46,'Substitution',226,663),(2279,54,'Cartão Amarelo',226,648),(2280,61,'Substitution',226,142),(2281,61,'Substitution',226,135),(2282,62,'Substitution',226,646),(2283,62,'Substitution',226,650),(2284,68,'Gol (Gol de campo)',226,649),(2285,79,'Substitution',226,685),(2286,80,'Substitution',226,160),(2287,83,'Cartão Amarelo',226,660),(2288,89,'Substitution',226,152),(2289,6,'Gol (Gol de campo)',227,513),(2290,21,'Cartão Amarelo',227,511),(2291,36,'Gol (Gol de campo)',227,313),(2292,44,'Cartão Amarelo',227,521),(2293,45,'Gol (Gol de campo)',227,327),(2294,62,'Substitution',227,510),(2295,62,'Substitution',227,533),(2296,63,'Substitution',227,304),(2297,64,'Substitution',227,702),(2298,73,'Substitution',227,523),(2299,73,'Substitution',227,528),(2300,77,'Cartão Amarelo',227,314),(2301,80,'Substitution',227,703),(2302,81,'Substitution',227,330),(2303,82,'Cartão Amarelo',227,516),(2304,83,'Substitution',227,704),(2305,86,'Cartão Amarelo',227,315),(2306,90,'Substitution',227,305),(2307,90,'Gol (Gol de campo)',227,513),(2308,3,'Gol (Gol de campo)',228,29),(2309,8,'Substitution',228,705),(2310,24,'Gol (Gol de campo)',228,112),(2311,33,'Cartão Amarelo',228,34),(2312,46,'Substitution',228,130),(2313,52,'Cartão Amarelo',228,29),(2314,54,'Gol (Gol de campo)',228,23),(2315,56,'Cartão Amarelo',228,13),(2316,63,'Cartão Amarelo',228,113),(2317,65,'Substitution',228,114),(2318,66,'Substitution',228,15),(2319,66,'Substitution',228,104),(2320,67,'Substitution',228,11),(2321,67,'Pênalti Perdido',228,21),(2322,70,'Cartão Amarelo',228,123),(2323,74,'Substitution',228,31),(2324,74,'Substitution',228,131),(2325,80,'Substitution',228,3),(2326,80,'Substitution',228,28),(2327,84,'Gol (Gol de campo)',228,31),(2328,86,'Cartão Amarelo',228,17),(2329,90,'Gol (Gol de campo)',228,31),(2330,19,'Cartão Amarelo',229,440),(2331,23,'Cartão Amarelo',229,422),(2332,25,'Woodwork',229,411),(2333,30,'Gol (Gol de campo)',229,441),(2334,39,'Gol (Gol de campo)',229,411),(2335,46,'Substitution',229,468),(2336,57,'Substitution',229,416),(2337,58,'Substitution',229,425),(2338,62,'Substitution',229,448),(2339,63,'Substitution',229,462),(2340,66,'Substitution',229,418),(2341,66,'Substitution',229,417),(2342,67,'Gol (Gol de campo)',229,466),(2343,69,'Substitution',229,431),(2344,72,'Substitution',229,455),(2345,74,'Cartão Amarelo',229,409),(2346,81,'Substitution',229,706),(2347,82,'Cartão Amarelo',229,438),(2348,86,'Cartão Amarelo',229,425),(2349,90,'Cartão Amarelo',229,427),(2350,27,'Woodwork',221,242),(2351,45,'Gol (Gol de campo)',221,252),(2352,46,'Substitution',221,373),(2353,46,'Substitution',221,707),(2354,63,'Substitution',221,249),(2355,63,'Substitution',221,257),(2356,65,'Cartão Amarelo',221,264),(2357,67,'Substitution',221,382),(2358,68,'Cartão Amarelo',221,382),(2359,72,'Cartão Amarelo',221,368),(2360,76,'Gol (Gol de campo)',221,252),(2361,77,'Substitution',221,381),(2362,77,'Substitution',221,388),(2363,80,'Substitution',221,251),(2364,86,'Substitution',221,260),(2365,87,'Substitution',221,243),(2366,90,'Cartão Amarelo',221,373),(2367,11,'Gol (Pênalti)',222,624),(2368,24,'Woodwork',222,624),(2369,27,'Woodwork',222,579),(2370,30,'Cartão Amarelo',222,581),(2371,42,'Cartão Amarelo',222,606),(2372,43,'Cartão Amarelo',222,625),(2373,44,'Gol (Pênalti)',222,587),(2374,46,'Substitution',222,609),(2375,50,'Cartão Amarelo',222,588),(2376,57,'Substitution',222,584),(2377,62,'Substitution',222,621),(2378,62,'Substitution',222,631),(2379,62,'Substitution',222,633),(2380,71,'Cartão Amarelo',222,596),(2381,75,'Substitution',222,582),(2382,75,'Substitution',222,590),(2383,75,'Substitution',222,594),(2384,75,'Woodwork',222,631),(2385,76,'Substitution',222,614),(2386,85,'Cartão Amarelo',222,575),(2387,90,'Cartão Amarelo',222,600),(2388,90,'Cartão Amarelo',222,622),(2389,90,'Substitution',222,576),(2390,90,'Cartão Amarelo',222,583),(2391,26,'Gol (Gol de campo)',223,83),(2392,38,'Gol (Pênalti)',223,547),(2393,45,'Cartão Amarelo',223,82),(2394,46,'Substitution',223,545),(2395,56,'Substitution',223,556),(2396,56,'Substitution',223,567),(2397,61,'Substitution',223,89),(2398,61,'Substitution',223,96),(2399,69,'Cartão Amarelo',223,74),(2400,73,'Substitution',223,698),(2401,76,'Substitution',223,87),(2402,76,'Substitution',223,97),(2403,85,'Substitution',223,701),(2404,86,'Cartão Amarelo',223,698),(2405,87,'Substitution',223,91),(2406,90,'Gol (Gol de campo)',223,89),(2407,90,'Cartão Amarelo',223,545),(2408,90,'Cartão Amarelo',223,556),(2409,90,'Cartão Amarelo',223,80),(2410,90,'Cartão Amarelo',223,567),(2411,15,'Cartão Amarelo',224,277),(2412,45,'Cartão Amarelo',224,708),(2413,46,'Substitution',224,480),(2414,46,'Substitution',224,296),(2415,59,'Substitution',224,709),(2416,64,'Cartão Amarelo',224,275),(2417,64,'Gol anulado (Var)',224,277),(2418,67,'Substitution',224,267),(2419,70,'Substitution',224,495),(2420,76,'Substitution',224,497),(2421,76,'Substitution',224,498),(2422,77,'Substitution',224,278),(2423,77,'Substitution',224,284),(2424,87,'Substitution',224,483),(2425,89,'Cartão Amarelo',224,482),(2426,90,'Cartão Amarelo',224,299),(2427,7,'Substitution',59,160),(2428,16,'Substitution',59,463),(2429,26,'Pênalti Perdido',59,132),(2430,45,'Gol (Gol de campo)',59,441),(2431,46,'Substitution',59,142),(2432,57,'Gol (Gol de campo)',59,143),(2433,59,'Cartão Amarelo',59,441),(2434,64,'Substitution',59,135),(2435,64,'Cartão Amarelo',59,461),(2436,66,'Substitution',59,457),(2437,66,'Substitution',59,462),(2438,74,'Cartão Amarelo',59,150),(2439,77,'Substitution',59,685),(2440,78,'Cartão Amarelo',59,453),(2441,81,'Pênalti Perdido',59,147),(2442,81,'Gol (Gol de campo)',59,147),(2443,83,'Substitution',59,446),(2444,84,'Cartão Amarelo',59,685),(2445,89,'Cartão Amarelo',59,440),(2446,90,'Woodwork',59,162),(2447,9,'Gol (Gol de campo)',216,459),(2448,14,'Cartão Amarelo',216,682),(2449,29,'Cartão Amarelo',216,10),(2450,41,'Cartão Amarelo',216,450),(2451,42,'Cartão Amarelo',216,13),(2452,45,'Gol (Gol de campo)',216,447),(2453,46,'Substitution',216,466),(2454,46,'Substitution',216,14),(2455,46,'Substitution',216,23),(2456,48,'Gol (Gol de campo)',216,457),(2457,55,'Substitution',216,19),(2458,56,'Substitution',216,17),(2459,59,'Woodwork',216,441),(2460,66,'Substitution',216,446),(2461,66,'Substitution',216,8),(2462,69,'Gol (Gol de campo)',216,34),(2463,73,'Substitution',216,463),(2464,73,'Cartão Amarelo',216,14),(2465,74,'Substitution',216,451),(2466,80,'Substitution',216,468),(2467,81,'Gol (Gol de campo)',216,8),(2468,82,'Cartão Amarelo',216,8),(2469,85,'Cartão Amarelo',216,456),(2470,90,'Cartão Amarelo',216,24),(2471,12,'Substitution',218,116),(2472,14,'Cartão Amarelo',218,52),(2473,17,'Woodwork',218,117),(2474,22,'Cartão Amarelo',218,110),(2475,33,'Gol anulado (Var)',218,59),(2476,42,'Cartão Amarelo',218,47),(2477,46,'Substitution',218,61),(2478,51,'Cartão Amarelo',218,44),(2479,60,'Substitution',218,120),(2480,69,'Gol (Gol de campo)',218,108),(2481,70,'Substitution',218,46),(2482,71,'Substitution',218,45),(2483,76,'Substitution',218,65),(2484,77,'Substitution',218,57),(2485,78,'Substitution',218,103),(2486,78,'Substitution',218,121),(2487,78,'Substitution',218,118),(2488,85,'Gol (Gol de campo)',218,57),(2489,90,'Cartão Vermelho (Second Yellow Card)',218,47),(2490,15,'Gol (Gol de campo)',219,193),(2491,46,'Substitution',219,639),(2492,46,'Substitution',219,649),(2493,53,'Cartão Amarelo',219,654),(2494,58,'Cartão Amarelo',219,183),(2495,67,'Substitution',219,191),(2496,69,'Cartão Amarelo',219,651),(2497,72,'Substitution',219,167),(2498,72,'Substitution',219,170),(2499,74,'Woodwork',219,167),(2500,77,'Substitution',219,697),(2501,80,'Substitution',219,177),(2502,80,'Substitution',219,188),(2503,87,'Substitution',219,644),(2504,15,'Gol (Gol de campo)',217,240),(2505,18,'Substitution',217,261),(2506,45,'Cartão Amarelo',217,358),(2507,46,'Substitution',217,249),(2508,49,'Cartão Amarelo',217,250),(2509,49,'Cartão Amarelo',217,347),(2510,52,'Cartão Amarelo',217,356),(2511,53,'Cartão Vermelho (Second Yellow Card)',217,356),(2512,59,'Substitution',217,338),(2513,59,'Substitution',217,362),(2514,65,'Substitution',217,346),(2515,67,'Substitution',217,260),(2516,70,'Substitution',217,710),(2517,70,'Substitution',217,692),(2518,71,'Woodwork',217,362),(2519,80,'Substitution',217,343),(2520,81,'Cartão Amarelo',217,258),(2521,82,'Cartão Amarelo',217,710),(2522,86,'Substitution',217,243),(2523,86,'Substitution',217,251),(2524,87,'Cartão Amarelo',217,346),(2525,90,'Cartão Amarelo',217,243),(2526,90,'Substitution',217,257),(2527,90,'Gol (Gol de campo)',217,259),(2528,12,'Gol (Gol de campo)',220,149),(2529,31,'Cartão Amarelo',220,430),(2530,39,'Gol (Gol de campo)',220,435),(2531,45,'Cartão Amarelo',220,422),(2532,46,'Substitution',220,150),(2533,50,'Gol (Gol de campo)',220,416),(2534,54,'Cartão Amarelo',220,136),(2535,55,'Substitution',220,133),(2536,59,'Substitution',220,421),(2537,59,'Substitution',220,426),(2538,70,'Substitution',220,417),(2539,70,'Substitution',220,432),(2540,72,'Substitution',220,142),(2541,80,'Substitution',220,420),(2542,81,'Substitution',220,685),(2543,90,'Gol (Gol de campo)',220,133),(2544,13,'Cartão Amarelo',211,74),(2545,44,'Cartão Amarelo',211,525),(2546,47,'Gol (Gol de campo)',211,94),(2547,65,'Substitution',211,89),(2548,65,'Substitution',211,83),(2549,67,'Woodwork',211,511),(2550,69,'Cartão Amarelo',211,75),(2551,76,'Substitution',211,510),(2552,76,'Substitution',211,527),(2553,76,'Cartão Amarelo',211,512),(2554,77,'Substitution',211,78),(2555,77,'Substitution',211,91),(2556,84,'Substitution',211,88),(2557,84,'Substitution',211,704),(2558,84,'Substitution',211,541),(2559,90,'Cartão Amarelo',211,510),(2560,90,'Cartão Amarelo',211,518),(2561,23,'Woodwork',212,369),(2562,23,'Gol (Gol de campo)',212,707),(2563,46,'Substitution',212,711),(2564,52,'Gol (Gol Contra)',212,369),(2565,59,'Substitution',212,580),(2566,59,'Substitution',212,590),(2567,64,'Gol (Gol de campo)',212,369),(2568,71,'Cartão Amarelo',212,395),(2569,72,'Substitution',212,578),(2570,72,'Substitution',212,594),(2571,74,'Substitution',212,385),(2572,74,'Cartão Amarelo',212,377),(2573,74,'Substitution',212,381),(2574,82,'Substitution',212,593),(2575,86,'Gol (Gol de campo)',212,369),(2576,87,'Substitution',212,399),(2577,89,'Substitution',212,391),(2578,90,'Cartão Amarelo',212,588),(2579,42,'Cartão Amarelo',213,221),(2580,46,'Substitution',213,207),(2581,46,'Substitution',213,210),(2582,58,'Cartão Amarelo',213,219),(2583,58,'Cartão Amarelo',213,631),(2584,60,'Substitution',213,699),(2585,60,'Substitution',213,611),(2586,66,'Substitution',213,603),(2587,66,'Substitution',213,620),(2588,75,'Substitution',213,235),(2589,85,'Substitution',213,215),(2590,85,'Substitution',213,629),(2591,86,'Cartão Amarelo',213,218),(2592,88,'Woodwork',213,699),(2593,21,'Cartão Amarelo',215,268),(2594,39,'Gol (Gol de campo)',215,698),(2595,46,'Substitution',215,281),(2596,46,'Substitution',215,290),(2597,46,'Substitution',215,296),(2598,46,'Substitution',215,544),(2599,54,'Cartão Amarelo',215,549),(2600,56,'Cartão Amarelo',215,544),(2601,57,'Substitution',215,554),(2602,58,'Substitution',215,552),(2603,58,'Substitution',215,557),(2604,60,'Cartão Amarelo',215,560),(2605,62,'Cartão Amarelo',215,284),(2606,69,'Substitution',215,709),(2607,80,'Substitution',215,570),(2608,83,'Substitution',215,286),(2609,88,'Cartão Amarelo',215,557),(2610,90,'Gol (Gol de campo)',215,290),(2611,90,'Cartão Amarelo',215,566),(2612,90,'Cartão Amarelo',215,556),(2613,90,'Cartão Amarelo',215,290),(2614,90,'Cartão Amarelo',215,282),(2615,23,'Gol (Gol de campo)',214,303),(2616,40,'Cartão Amarelo',214,302),(2617,42,'Cartão Amarelo',214,474),(2618,45,'Cartão Amarelo',214,488),(2619,56,'Cartão Amarelo',214,712),(2620,60,'Substitution',214,321),(2621,65,'Gol (Gol de campo)',214,302),(2622,70,'Substitution',214,489),(2623,70,'Substitution',214,679),(2624,70,'Substitution',214,508),(2625,74,'Cartão Amarelo',214,303),(2626,77,'Substitution',214,327),(2627,78,'Substitution',214,323),(2628,78,'Substitution',214,330),(2629,79,'Cartão Amarelo',214,490),(2630,80,'Substitution',214,477),(2631,80,'Substitution',214,498),(2632,83,'Cartão Amarelo',214,327),(2633,90,'Substitution',214,304),(2634,16,'Gol anulado (Var)',206,506),(2635,25,'Cartão Amarelo',206,475),(2636,36,'Cartão Amarelo',206,483),(2637,38,'Substitution',206,237),(2638,45,'Gol (Gol de campo)',206,506),(2639,46,'Substitution',206,481),(2640,62,'Substitution',206,252),(2641,62,'Substitution',206,253),(2642,62,'Cartão Amarelo',206,472),(2643,71,'Substitution',206,480),(2644,71,'Substitution',206,712),(2645,76,'Substitution',206,489),(2646,76,'Substitution',206,249),(2647,76,'Substitution',206,257),(2648,83,'Substitution',206,498),(2649,84,'Cartão Amarelo',206,249),(2650,90,'Cartão Amarelo',206,253),(2651,16,'Cartão Amarelo',208,422),(2652,18,'Gol (Gol de campo)',208,398),(2653,21,'Gol (Gol de campo)',208,392),(2654,46,'Substitution',208,410),(2655,46,'Substitution',208,414),(2656,46,'Substitution',208,417),(2657,59,'Substitution',208,407),(2658,65,'Substitution',208,391),(2659,72,'Substitution',208,416),(2660,75,'Substitution',208,394),(2661,75,'Substitution',208,399),(2662,81,'Substitution',208,371),(2663,82,'Cartão Amarelo',208,417),(2664,83,'Woodwork',208,377),(2665,4,'Gol (Gol de campo)',207,438),(2666,14,'Woodwork',207,296),(2667,22,'Substitution',207,462),(2668,24,'Woodwork',207,296),(2669,30,'Cartão Amarelo',207,278),(2670,45,'Cartão Vermelho',207,439),(2671,45,'Substitution',207,456),(2672,45,'Cartão Amarelo',207,449),(2673,46,'Substitution',207,267),(2674,46,'Substitution',207,442),(2675,47,'Cartão Amarelo',207,440),(2676,48,'Gol (Gol de campo)',207,267),(2677,52,'Cartão Amarelo',207,438),(2678,56,'Cartão Amarelo',207,283),(2679,57,'Cartão Vermelho (Second Yellow Card)',207,438),(2680,69,'Substitution',207,286),(2681,77,'Substitution',207,297),(2682,78,'Substitution',207,446),(2683,78,'Substitution',207,468),(2684,82,'Cartão Vermelho',207,461),(2685,85,'Substitution',207,713),(2686,87,'Cartão Amarelo',207,443),(2687,90,'Woodwork',207,278),(2688,90,'Cartão Amarelo',207,442),(2689,90,'Cartão Amarelo',207,462),(2690,90,'Cartão Amarelo',207,456),(2691,31,'Gol (Gol de campo)',209,136),(2692,45,'Cartão Amarelo',209,162),(2693,45,'Cartão Amarelo',209,141),(2694,46,'Substitution',209,156),(2695,46,'Substitution',209,42),(2696,60,'Substitution',209,40),(2697,66,'Substitution',209,43),(2698,66,'Substitution',209,51),(2699,72,'Substitution',209,160),(2700,75,'Substitution',209,45),(2701,79,'Substitution',209,150),(2702,79,'Substitution',209,687),(2703,85,'Substitution',209,138),(2704,88,'Gol (Gol de campo)',209,45),(2705,32,'Cartão Amarelo',201,363),(2706,52,'Cartão Amarelo',201,348),(2707,61,'Substitution',201,347),(2708,61,'Substitution',201,344),(2709,61,'Substitution',201,362),(2710,62,'Substitution',201,576),(2711,62,'Substitution',201,590),(2712,66,'Cartão Amarelo',201,589),(2713,70,'Woodwork',201,362),(2714,71,'Gol (Gol de campo)',201,354),(2715,73,'Cartão Amarelo',201,590),(2716,76,'Substitution',201,574),(2717,76,'Substitution',201,580),(2718,80,'Cartão Amarelo',201,576),(2719,82,'Substitution',201,338),(2720,82,'Substitution',201,357),(2721,86,'Substitution',201,593),(2722,87,'Woodwork',201,362),(2723,90,'Cartão Amarelo',201,352),(2724,5,'Gol (Gol de campo)',202,569),(2725,7,'Cartão Amarelo',202,304),(2726,44,'Cartão Amarelo',202,334),(2727,46,'Substitution',202,303),(2728,46,'Substitution',202,547),(2729,46,'Substitution',202,557),(2730,50,'Gol (Gol de campo)',202,334),(2731,55,'Substitution',202,567),(2732,60,'Gol (Gol de campo)',202,325),(2733,61,'Cartão Amarelo',202,325),(2734,62,'Substitution',202,698),(2735,62,'Substitution',202,556),(2736,64,'Substitution',202,300),(2737,64,'Substitution',202,330),(2738,72,'Substitution',202,313),(2739,78,'Substitution',202,714),(2740,78,'Cartão Amarelo',202,552),(2741,85,'Cartão Amarelo',202,310),(2742,89,'Gol (Gol de campo)',202,698),(2743,21,'Gol (Gol de campo)',203,28),(2744,43,'Gol (Pênalti)',203,639),(2745,44,'Cartão Amarelo',203,23),(2746,46,'Substitution',203,10),(2747,53,'Cartão Amarelo',203,651),(2748,59,'Substitution',203,14),(2749,60,'Cartão Amarelo',203,666),(2750,65,'Cartão Amarelo',203,3),(2751,66,'Substitution',203,15),(2752,67,'Substitution',203,655),(2753,68,'Woodwork',203,34),(2754,68,'Gol (Gol de campo)',203,23),(2755,72,'Substitution',203,8),(2756,72,'Substitution',203,31),(2757,73,'Substitution',203,649),(2758,73,'Substitution',203,664),(2759,79,'Cartão Amarelo',203,26),(2760,81,'Gol (Pênalti)',203,10),(2761,88,'Gol (Pênalti)',203,26),(2762,90,'Cartão Amarelo',203,639),(2763,90,'Cartão Amarelo',203,25),(2764,90,'Cartão Vermelho',203,655),(2765,90,'Cartão Vermelho',203,15),(2766,50,'Cartão Amarelo',204,608),(2767,58,'Gol (Gol de campo)',204,530),(2768,60,'Substitution',204,620),(2769,61,'Substitution',204,511),(2770,61,'Substitution',204,623),(2771,63,'Woodwork',204,614),(2772,64,'Cartão Amarelo',204,618),(2773,65,'Gol (Gol de campo)',204,516),(2774,68,'Substitution',204,625),(2775,68,'Substitution',204,631),(2776,78,'Substitution',204,629),(2777,83,'Substitution',204,527),(2778,83,'Cartão Amarelo',204,529),(2779,84,'Substitution',204,533),(2780,90,'Substitution',204,512),(2781,90,'Substitution',204,520),(2782,90,'Gol (Gol de campo)',204,631),(2783,32,'Cartão Amarelo',205,181),(2784,40,'Cartão Amarelo',205,174),(2785,46,'Substitution',205,109),(2786,61,'Gol (Gol de campo)',205,169),(2787,63,'Substitution',205,108),(2788,63,'Substitution',205,113),(2789,70,'Cartão Amarelo',205,129),(2790,74,'Cartão Amarelo',205,102),(2791,75,'Substitution',205,183),(2792,75,'Substitution',205,705),(2793,75,'Substitution',205,131),(2794,79,'Cartão Amarelo',205,112),(2795,85,'Substitution',205,190),(2796,86,'Substitution',205,182),(2797,44,'Gol (Gol de campo)',196,506),(2798,45,'Cartão Amarelo',196,475),(2799,46,'Substitution',196,554),(2800,46,'Substitution',196,567),(2801,51,'Woodwork',196,554),(2802,58,'Substitution',196,569),(2803,60,'Substitution',196,500),(2804,67,'Substitution',196,715),(2805,71,'Substitution',196,495),(2806,71,'Substitution',196,489),(2807,77,'Substitution',196,573),(2808,83,'Substitution',196,477),(2809,83,'Substitution',196,507),(2810,87,'Cartão Amarelo',196,555),(2811,90,'Cartão Amarelo',196,495),(2812,15,'Cartão Amarelo',197,649),(2813,19,'Gol (Gol de campo)',197,117),(2814,36,'Cartão Amarelo',197,110),(2815,36,'Cartão Amarelo',197,640),(2816,46,'Substitution',197,650),(2817,61,'Gol (Gol de campo)',197,108),(2818,69,'Substitution',197,716),(2819,69,'Substitution',197,661),(2820,73,'Substitution',197,103),(2821,73,'Substitution',197,126),(2822,73,'Substitution',197,129),(2823,74,'Cartão Amarelo',197,640),(2824,78,'Substitution',197,647),(2825,78,'Substitution',197,717),(2826,80,'Cartão Amarelo',197,117),(2827,80,'Substitution',197,123),(2828,81,'Substitution',197,120),(2829,1,'Cartão Amarelo',198,326),(2830,35,'Cartão Amarelo',198,320),(2831,42,'Woodwork',198,303),(2832,45,'Cartão Amarelo',198,383),(2833,46,'Substitution',198,301),(2834,46,'Substitution',198,318),(2835,57,'Gol (Gol de campo)',198,382),(2836,68,'Cartão Amarelo',198,385),(2837,69,'Cartão Amarelo',198,378),(2838,69,'Cartão Amarelo',198,313),(2839,71,'Substitution',198,330),(2840,71,'Substitution',198,334),(2841,73,'Substitution',198,707),(2842,79,'Cartão Amarelo',198,314),(2843,84,'Substitution',198,388),(2844,89,'Substitution',198,317),(2845,90,'Substitution',198,370),(2846,90,'Substitution',198,390),(2847,90,'Substitution',198,396),(2848,23,'Cartão Amarelo',199,625),(2849,32,'Gol (Pênalti)',199,604),(2850,39,'Gol (Gol de campo)',199,280),(2851,46,'Substitution',199,615),(2852,63,'Substitution',199,277),(2853,67,'Substitution',199,622),(2854,70,'Substitution',199,278),(2855,70,'Substitution',199,709),(2856,79,'Substitution',199,605),(2857,81,'Woodwork',199,622),(2858,82,'Cartão Amarelo',199,282),(2859,85,'Gol (Pênalti)',199,604),(2860,88,'Substitution',199,281),(2861,88,'Substitution',199,286),(2862,90,'Substitution',199,609),(2863,90,'Substitution',199,632),(2864,90,'Cartão Amarelo',199,273),(2865,90,'Cartão Amarelo',199,615),(2866,90,'Cartão Amarelo',199,268),(2867,90,'Cartão Amarelo',199,278),(2868,90,'Cartão Vermelho (Second Yellow Card)',199,615),(2869,11,'Gol (Gol de campo)',200,419),(2870,46,'Substitution',200,582),(2871,46,'Substitution',200,416),(2872,52,'Substitution',200,409),(2873,58,'Cartão Amarelo',200,419),(2874,61,'Substitution',200,584),(2875,63,'Substitution',200,411),(2876,63,'Substitution',200,412),(2877,74,'Gol anulado (Var)',200,582),(2878,77,'Substitution',200,414),(2879,83,'Substitution',200,593),(2880,83,'Substitution',200,594),(2881,87,'Cartão Amarelo',200,412),(2882,90,'Gol (Gol de campo)',200,415),(2883,90,'Woodwork',200,718),(2884,90,'Gol (Gol de campo)',200,718),(2885,28,'Cartão Amarelo',191,335),(2886,36,'Cartão Amarelo',191,358),(2887,46,'Substitution',191,59),(2888,50,'Cartão Amarelo',191,51),(2889,51,'Cartão Amarelo',191,337),(2890,52,'Gol (Gol de campo)',191,337),(2891,54,'Substitution',191,42),(2892,54,'Substitution',191,60),(2893,60,'Substitution',191,344),(2894,62,'Substitution',191,362),(2895,63,'Substitution',191,357),(2896,67,'Substitution',191,52),(2897,68,'Substitution',191,39),(2898,73,'Cartão Amarelo',191,357),(2899,77,'Cartão Amarelo',191,356),(2900,80,'Cartão Amarelo',191,363),(2901,81,'Substitution',191,347),(2902,81,'Substitution',191,719),(2903,82,'Cartão Amarelo',191,719),(2904,83,'Gol (Gol de campo)',191,352),(2905,90,'Cartão Amarelo',191,59),(2906,90,'Cartão Vermelho',191,719),(2907,90,'Cartão Amarelo',191,345),(2908,90,'Woodwork',191,42),(2909,30,'Cartão Amarelo',192,516),(2910,46,'Substitution',192,530),(2911,55,'Substitution',192,451),(2912,55,'Substitution',192,441),(2913,55,'Substitution',192,455),(2914,57,'Gol (Gol de campo)',192,513),(2915,59,'Cartão Amarelo',192,461),(2916,60,'Gol (Gol de campo)',192,455),(2917,68,'Cartão Amarelo',192,521),(2918,69,'Substitution',192,512),(2919,71,'Substitution',192,457),(2920,79,'Substitution',192,533),(2921,82,'Substitution',192,446),(2922,83,'Gol (Gol de campo)',192,513),(2923,88,'Substitution',192,517),(2924,88,'Substitution',192,527),(2925,13,'Gol (Gol de campo)',193,248),(2926,41,'Woodwork',193,132),(2927,46,'Substitution',193,152),(2928,57,'Substitution',193,240),(2929,58,'Substitution',193,251),(2930,58,'Substitution',193,257),(2931,61,'Cartão Amarelo',193,720),(2932,65,'Cartão Amarelo',193,139),(2933,67,'Substitution',193,260),(2934,71,'Substitution',193,160),(2935,75,'Substitution',193,721),(2936,76,'Substitution',193,246),(2937,76,'Substitution',193,722),(2938,81,'Substitution',193,138),(2939,81,'Cartão Amarelo',193,140),(2940,87,'Cartão Amarelo',193,238),(2941,89,'Gol (Gol de campo)',193,141),(2942,4,'Cartão Amarelo',194,8),(2943,13,'Gol (Gol de campo)',194,211),(2944,31,'Cartão Amarelo',194,211),(2945,37,'Gol (Gol de campo)',194,223),(2946,45,'Cartão Amarelo',194,218),(2947,46,'Substitution',194,3),(2948,46,'Substitution',194,26),(2949,46,'Substitution',194,30),(2950,61,'Substitution',194,208),(2951,61,'Substitution',194,699),(2952,68,'Substitution',194,19),(2953,72,'Cartão Amarelo',194,204),(2954,74,'Cartão Amarelo',194,3),(2955,75,'Substitution',194,210),(2956,75,'Substitution',194,206),(2957,77,'Gol (Gol de campo)',194,219),(2958,78,'Substitution',194,35),(2959,86,'Substitution',194,205),(2960,90,'Cartão Amarelo',194,215),(2961,4,'Gol (Pênalti)',195,79),(2962,12,'Cartão Amarelo',195,167),(2963,57,'Cartão Amarelo',195,192),(2964,58,'Substitution',195,167),(2965,58,'Substitution',195,188),(2966,65,'Cartão Amarelo',195,77),(2967,67,'Substitution',195,94),(2968,70,'Cartão Amarelo',195,191),(2969,72,'Woodwork',195,99),(2970,73,'Substitution',195,76),(2971,73,'Substitution',195,97),(2972,73,'Substitution',195,183),(2973,73,'Substitution',195,177),(2974,75,'Woodwork',195,163),(2975,80,'Cartão Amarelo',195,97),(2976,83,'Substitution',195,82),(2977,84,'Substitution',195,91),(2978,87,'Gol anulado (Var)',195,94),(2979,89,'Cartão Amarelo',195,99),(2980,89,'Cartão Vermelho',195,99),(2981,2,'Gol (Gol de campo)',186,384),(2982,25,'Gol (Pênalti)',186,280),(2983,31,'Cartão Amarelo',186,374),(2984,33,'Cartão Amarelo',186,384),(2985,40,'Cartão Amarelo',186,285),(2986,57,'Substitution',186,277),(2987,58,'Substitution',186,707),(2988,68,'Substitution',186,380),(2989,68,'Substitution',186,390),(2990,75,'Substitution',186,278),(2991,75,'Substitution',186,709),(2992,76,'Substitution',186,286),(2993,76,'Gol (Gol de campo)',186,387),(2994,84,'Substitution',186,267),(2995,84,'Substitution',186,388),(2996,84,'Substitution',186,394),(2997,87,'Gol (Gol de campo)',186,283),(2998,6,'Cartão Amarelo',30,74),(2999,21,'Gol (Gol de campo)',30,525),(3000,46,'Substitution',30,513),(3001,46,'Substitution',30,85),(3002,61,'Substitution',30,78),(3003,61,'Substitution',30,79),(3004,63,'Gol (Gol de campo)',30,76),(3005,70,'Substitution',30,522),(3006,73,'Woodwork',30,94),(3007,79,'Substitution',30,512),(3008,79,'Substitution',30,81),(3009,85,'Substitution',30,520),(3010,85,'Substitution',30,541),(3011,90,'Substitution',30,723),(3012,41,'Substitution',181,463),(3013,44,'Cartão Amarelo',181,463),(3014,45,'Gol (Pênalti)',181,211),(3015,65,'Substitution',181,451),(3016,65,'Substitution',181,462),(3017,68,'Substitution',181,699),(3018,69,'Cartão Amarelo',181,453),(3019,72,'Cartão Amarelo',181,228),(3020,72,'Cartão Amarelo',181,452),(3021,74,'Substitution',181,205),(3022,74,'Substitution',181,210),(3023,74,'Substitution',181,206),(3024,76,'Substitution',181,441),(3025,76,'Substitution',181,454),(3026,78,'Cartão Amarelo',181,211),(3027,87,'Gol (Pênalti)',181,210),(3028,90,'Substitution',181,209),(3029,90,'Cartão Vermelho (Second Yellow Card)',181,453),(3030,6,'Gol (Pênalti)',182,165),(3031,11,'Gol (Pênalti)',182,11),(3032,22,'Gol (Gol de campo)',182,34),(3033,24,'Cartão Amarelo',182,164),(3034,39,'Cartão Amarelo',182,19),(3035,45,'Cartão Amarelo',182,176),(3036,51,'Cartão Amarelo',182,165),(3037,57,'Substitution',182,169),(3038,59,'Cartão Amarelo',182,192),(3039,59,'Cartão Amarelo',182,203),(3040,60,'Gol (Gol de campo)',182,188),(3041,62,'Cartão Amarelo',182,14),(3042,63,'Cartão Amarelo',182,167),(3043,63,'Cartão Amarelo',182,34),(3044,66,'Substitution',182,7),(3045,66,'Substitution',182,23),(3046,74,'Substitution',182,3),(3047,83,'Substitution',182,182),(3048,86,'Substitution',182,28),(3049,86,'Substitution',182,35),(3050,90,'Substitution',182,177),(3051,39,'Gol (Gol de campo)',183,108),(3052,52,'Gol anulado (Var)',183,115),(3053,58,'Cartão Amarelo',183,358),(3054,60,'Substitution',183,362),(3055,68,'Substitution',183,345),(3056,68,'Substitution',183,692),(3057,69,'Substitution',183,103),(3058,69,'Substitution',183,116),(3059,75,'Gol (Gol de campo)',183,345),(3060,79,'Cartão Amarelo',183,116),(3061,83,'Substitution',183,129),(3062,84,'Substitution',183,113),(3063,84,'Substitution',183,123),(3064,86,'Substitution',183,339),(3065,86,'Substitution',183,343),(3066,90,'Gol (Gol de campo)',183,123),(3067,19,'Cartão Amarelo',184,483),(3068,31,'Cartão Amarelo',184,44),(3069,42,'Cartão Amarelo',184,474),(3070,43,'Cartão Amarelo',184,46),(3071,46,'Substitution',184,497),(3072,46,'Substitution',184,51),(3073,46,'Substitution',184,56),(3074,54,'Substitution',184,45),(3075,57,'Substitution',184,506),(3076,57,'Cartão Amarelo',184,43),(3077,66,'Substitution',184,54),(3078,69,'Substitution',184,681),(3079,69,'Substitution',184,495),(3080,78,'Substitution',184,55),(3081,87,'Gol (Gol de campo)',184,490),(3082,35,'Cartão Amarelo',185,648),(3083,37,'Cartão Amarelo',185,242),(3084,39,'Cartão Amarelo',185,245),(3085,45,'Cartão Amarelo',185,664),(3086,60,'Gol (Gol de campo)',185,645),(3087,61,'Substitution',185,249),(3088,61,'Substitution',185,257),(3089,70,'Substitution',185,717),(3090,76,'Cartão Amarelo',185,262),(3091,78,'Substitution',185,259),(3092,78,'Substitution',185,674),(3093,81,'Cartão Amarelo',185,665),(3094,85,'Substitution',185,724),(3095,86,'Substitution',185,650),(3096,86,'Substitution',185,725),(3097,87,'Cartão Amarelo',185,725),(3098,90,'Substitution',185,716),(3099,90,'Woodwork',185,257),(3100,90,'Cartão Vermelho (Second Yellow Card)',185,665),(3101,90,'Gol (Gol de campo)',185,254),(3102,90,'Cartão Amarelo',185,254),(3103,90,'Cartão Amarelo',185,651),(3104,90,'Cartão Vermelho',185,696),(3105,17,'Cartão Amarelo',174,355),(3106,23,'Cartão Amarelo',174,361),(3107,32,'Substitution',174,374),(3108,36,'Cartão Amarelo',174,363),(3109,45,'Cartão Amarelo',174,726),(3110,46,'Substitution',174,340),(3111,46,'Substitution',174,692),(3112,52,'Cartão Amarelo',174,692),(3113,60,'Cartão Amarelo',174,346),(3114,63,'Gol (Gol de campo)',174,382),(3115,69,'Substitution',174,385),(3116,69,'Substitution',174,388),(3117,69,'Substitution',174,707),(3118,76,'Substitution',174,727),(3119,76,'Substitution',174,728),(3120,77,'Substitution',174,390),(3121,86,'Substitution',174,729),(3122,90,'Cartão Amarelo',174,358),(3123,90,'Cartão Amarelo',174,730),(3124,90,'Gol (Pênalti)',174,371),(3125,23,'Cartão Amarelo',175,319),(3126,27,'Gol (Gol de campo)',175,604),(3127,39,'Gol (Gol de campo)',175,604),(3128,46,'Substitution',175,323),(3129,46,'Cartão Amarelo',175,618),(3130,67,'Substitution',175,609),(3131,67,'Substitution',175,300),(3132,78,'Substitution',175,306),(3133,78,'Substitution',175,324),(3134,86,'Substitution',175,605),(3135,86,'Substitution',175,615),(3136,86,'Substitution',175,714),(3137,90,'Substitution',175,632),(3138,27,'Cartão Amarelo',176,258),(3139,36,'Cartão Amarelo',176,261),(3140,36,'Cartão Amarelo',176,299),(3141,37,'Gol (Gol de campo)',176,268),(3142,38,'Cartão Amarelo',176,272),(3143,54,'Cartão Amarelo',176,245),(3144,59,'Substitution',176,238),(3145,59,'Substitution',176,251),(3146,63,'Substitution',176,297),(3147,65,'Cartão Amarelo',176,250),(3148,71,'Substitution',176,288),(3149,71,'Substitution',176,296),(3150,71,'Substitution',176,709),(3151,74,'Substitution',176,249),(3152,74,'Substitution',176,262),(3153,81,'Substitution',176,255),(3154,90,'Substitution',176,266),(3155,90,'Woodwork',176,258),(3156,90,'Cartão Amarelo',176,270),(3157,90,'Cartão Amarelo',176,273),(3158,90,'Woodwork',176,262),(3159,8,'Gol (Gol de campo)',177,549),(3160,18,'Cartão Amarelo',177,559),(3161,45,'Cartão Vermelho',177,551),(3162,45,'Substitution',177,560),(3163,46,'Substitution',177,414),(3164,46,'Substitution',177,417),(3165,56,'Cartão Amarelo',177,425),(3166,57,'Substitution',177,565),(3167,57,'Substitution',177,567),(3168,60,'Substitution',177,411),(3169,60,'Substitution',177,418),(3170,68,'Woodwork',177,418),(3171,70,'Cartão Amarelo',177,416),(3172,73,'Woodwork',177,567),(3173,78,'Substitution',177,554),(3174,78,'Substitution',177,553),(3175,78,'Substitution',177,419),(3176,86,'Cartão Amarelo',177,420),(3177,87,'Cartão Amarelo',177,422),(3178,88,'Cartão Amarelo',177,546),(3179,88,'Cartão Amarelo',177,417),(3180,90,'Cartão Amarelo',177,414),(3181,90,'Cartão Amarelo',177,731),(3182,90,'Cartão Amarelo',177,409),(3183,23,'Gol (Gol de campo)',178,83),(3184,28,'Cartão Amarelo',178,655),(3185,37,'Woodwork',178,99),(3186,38,'Cartão Amarelo',178,99),(3187,45,'Gol (Gol de campo)',178,658),(3188,45,'Cartão Vermelho',178,649),(3189,45,'Cartão Amarelo',178,80),(3190,47,'Cartão Amarelo',178,657),(3191,55,'Cartão Vermelho (Second Yellow Card)',178,80),(3192,56,'Cartão Amarelo',178,89),(3193,57,'Cartão Amarelo',178,652),(3194,62,'Gol (Gol Contra)',178,665),(3195,63,'Substitution',178,79),(3196,63,'Substitution',178,94),(3197,67,'Substitution',178,75),(3198,67,'Substitution',178,91),(3199,68,'Substitution',178,717),(3200,68,'Substitution',178,664),(3201,74,'Gol (Gol de campo)',178,79),(3202,85,'Substitution',178,96),(3203,85,'Substitution',178,641),(3204,85,'Substitution',178,647),(3205,85,'Substitution',178,716),(3206,90,'Cartão Amarelo',178,88),(3207,12,'Cartão Amarelo',179,176),(3208,15,'Substitution',179,451),(3209,18,'Cartão Amarelo',179,167),(3210,28,'Cartão Amarelo',179,440),(3211,32,'Woodwork',179,167),(3212,35,'Cartão Amarelo',179,442),(3213,51,'Cartão Amarelo',179,452),(3214,67,'Substitution',179,732),(3215,67,'Substitution',179,190),(3216,68,'Substitution',179,455),(3217,68,'Substitution',179,463),(3218,75,'Gol anulado (Var)',179,450),(3219,80,'Substitution',179,181),(3220,81,'Substitution',179,454),(3221,81,'Substitution',179,462),(3222,88,'Woodwork',179,451),(3223,90,'Substitution',179,173),(3224,90,'Substitution',179,180),(3225,90,'Cartão Amarelo',179,467),(3226,45,'Cartão Amarelo',180,499),(3227,46,'Substitution',180,591),(3228,46,'Substitution',180,712),(3229,57,'Substitution',180,718),(3230,60,'Substitution',180,480),(3231,67,'Substitution',180,506),(3232,67,'Cartão Amarelo',180,589),(3233,73,'Gol (Gol de campo)',180,506),(3234,75,'Substitution',180,578),(3235,83,'Substitution',180,495),(3236,84,'Substitution',180,582),(3237,89,'Cartão Amarelo',180,490),(3238,90,'Cartão Amarelo',180,488),(3239,90,'Cartão Vermelho',180,491),(3240,35,'Gol (Gol de campo)',171,521),(3241,39,'Cartão Amarelo',171,521),(3242,47,'Cartão Amarelo',171,535),(3243,50,'Cartão Amarelo',171,102),(3244,54,'Substitution',171,120),(3245,55,'Substitution',171,104),(3246,62,'Cartão Amarelo',171,511),(3247,62,'Cartão Amarelo',171,524),(3248,64,'Pênalti Perdido',171,117),(3249,69,'Substitution',171,116),(3250,69,'Substitution',171,527),(3251,71,'Cartão Amarelo',171,120),(3252,74,'Substitution',171,522),(3253,75,'Substitution',171,533),(3254,76,'Gol (Gol de campo)',171,117),(3255,77,'Substitution',171,103),(3256,82,'Substitution',171,517),(3257,82,'Substitution',171,733),(3258,86,'Cartão Amarelo',171,515),(3259,87,'Cartão Amarelo',171,733),(3260,89,'Gol (Pênalti)',171,103),(3261,90,'Cartão Amarelo',171,103),(3262,90,'Cartão Vermelho (Second Yellow Card)',171,511),(3263,90,'Cartão Amarelo',171,529),(3264,90,'Cartão Amarelo',171,106),(3265,90,'Cartão Amarelo',171,510),(3266,33,'Cartão Amarelo',172,34),(3267,38,'Gol (Gol de campo)',172,26),(3268,49,'Cartão Amarelo',172,152),(3269,51,'Cartão Amarelo',172,734),(3270,56,'Substitution',172,8),(3271,56,'Substitution',172,11),(3272,65,'Substitution',172,156),(3273,65,'Substitution',172,160),(3274,72,'Substitution',172,35),(3275,78,'Cartão Amarelo',172,17),(3276,78,'Cartão Amarelo',172,687),(3277,81,'Cartão Amarelo',172,16),(3278,82,'Substitution',172,14),(3279,82,'Substitution',172,19),(3280,82,'Substitution',172,138),(3281,36,'Gol (Gol de campo)',173,59),(3282,38,'Cartão Amarelo',173,219),(3283,41,'Substitution',173,40),(3284,45,'Gol anulado (Var)',173,208),(3285,45,'Cartão Amarelo',173,207),(3286,46,'Substitution',173,221),(3287,59,'Cartão Amarelo',173,59),(3288,61,'Cartão Amarelo',173,46),(3289,63,'Substitution',173,218),(3290,66,'Substitution',173,45),(3291,66,'Substitution',173,54),(3292,69,'Cartão Amarelo',173,43),(3293,69,'Cartão Amarelo',173,212),(3294,74,'Substitution',173,223),(3295,74,'Substitution',173,235),(3296,75,'Substitution',173,51),(3297,75,'Substitution',173,53),(3298,77,'Cartão Amarelo',173,54),(3299,86,'Substitution',173,735),(3300,90,'Gol (Gol de campo)',173,51),(3301,90,'Cartão Amarelo',173,228),(3302,16,'Cartão Amarelo',165,666),(3303,22,'Pênalti Perdido',165,303),(3304,25,'Gol anulado (Var)',165,736),(3305,28,'Woodwork',165,657),(3306,30,'Cartão Amarelo',165,319),(3307,32,'Cartão Amarelo',165,655),(3308,45,'Cartão Amarelo',165,326),(3309,51,'Gol (Gol de campo)',165,313),(3310,55,'Substitution',165,658),(3311,56,'Substitution',165,664),(3312,61,'Substitution',165,308),(3313,67,'Substitution',165,717),(3314,71,'Substitution',165,703),(3315,71,'Substitution',165,327),(3316,74,'Cartão Amarelo',165,327),(3317,80,'Substitution',165,654),(3318,80,'Substitution',165,661),(3319,88,'Substitution',165,714),(3320,89,'Substitution',165,302),(3321,10,'Gol (Gol de campo)',166,165),(3322,17,'Woodwork',166,170),(3323,23,'Cartão Amarelo',166,390),(3324,31,'Cartão Amarelo',166,387),(3325,38,'Cartão Amarelo',166,184),(3326,41,'Cartão Amarelo',166,165),(3327,46,'Substitution',166,373),(3328,46,'Substitution',166,726),(3329,55,'Substitution',166,181),(3330,64,'Substitution',166,180),(3331,64,'Substitution',166,190),(3332,69,'Substitution',166,193),(3333,74,'Substitution',166,707),(3334,75,'Substitution',166,403),(3335,78,'Cartão Amarelo',166,168),(3336,80,'Cartão Amarelo',166,403),(3337,88,'Substitution',166,399),(3338,90,'Cartão Amarelo',166,192),(3339,90,'Cartão Vermelho (Second Yellow Card)',166,184),(3340,90,'Cartão Amarelo',166,188),(3341,4,'Cartão Amarelo',167,13),(3342,56,'Gol (Gol de campo)',167,11),(3343,70,'Substitution',167,42),(3344,73,'Cartão Amarelo',167,734),(3345,78,'Substitution',167,7),(3346,78,'Substitution',167,15),(3347,81,'Substitution',167,39),(3348,81,'Substitution',167,54),(3349,84,'Substitution',167,23),(3350,87,'Substitution',167,37),(3351,88,'Substitution',167,35),(3352,88,'Substitution',167,53),(3353,21,'Cartão Amarelo',168,348),(3354,21,'Substitution',168,361),(3355,25,'Gol (Gol de campo)',168,89),(3356,34,'Cartão Amarelo',168,363),(3357,36,'Cartão Amarelo',168,99),(3358,39,'Woodwork',168,89),(3359,39,'Gol (Gol de campo)',168,83),(3360,45,'Cartão Amarelo',168,77),(3361,46,'Substitution',168,337),(3362,46,'Substitution',168,727),(3363,49,'Cartão Amarelo',168,76),(3364,55,'Gol (Gol de campo)',168,84),(3365,58,'Substitution',168,362),(3366,60,'Cartão Amarelo',168,727),(3367,62,'Cartão Amarelo',168,74),(3368,67,'Substitution',168,75),(3369,67,'Substitution',168,78),(3370,77,'Substitution',168,96),(3371,77,'Substitution',168,97),(3372,77,'Substitution',168,339),(3373,84,'Substitution',168,91),(3374,90,'Gol (Gol de campo)',168,362),(3375,18,'Gol (Gol de campo)',163,618),(3376,22,'Cartão Amarelo',163,444),(3377,43,'Gol (Gol de campo)',163,444),(3378,45,'Cartão Amarelo',163,612),(3379,54,'Substitution',163,455),(3380,54,'Substitution',163,460),(3381,65,'Gol anulado (Var)',163,604),(3382,69,'Cartão Amarelo',163,706),(3383,71,'Substitution',163,447),(3384,71,'Substitution',163,454),(3385,74,'Substitution',163,605),(3386,79,'Substitution',163,462),(3387,80,'Substitution',163,607),(3388,88,'Substitution',163,628),(3389,41,'Gol (Gol de campo)',164,535),(3390,54,'Gol (Gol de campo)',164,268),(3391,56,'Substitution',164,278),(3392,59,'Substitution',164,511),(3393,59,'Substitution',164,533),(3394,62,'Gol (Gol de campo)',164,285),(3395,67,'Cartão Amarelo',164,294),(3396,75,'Substitution',164,513),(3397,75,'Substitution',164,522),(3398,79,'Substitution',164,276),(3399,80,'Substitution',164,299),(3400,82,'Substitution',164,525),(3401,85,'Substitution',164,266),(3402,8,'Woodwork',161,231),(3403,8,'Gol (Gol de campo)',161,224),(3404,24,'Gol anulado (Var)',161,211),(3405,40,'Cartão Amarelo',161,219),(3406,45,'Cartão Amarelo',161,566),(3407,45,'Cartão Amarelo',161,554),(3408,61,'Substitution',161,553),(3409,61,'Substitution',161,556),(3410,61,'Substitution',161,562),(3411,67,'Substitution',161,223),(3412,68,'Substitution',161,218),(3413,68,'Substitution',161,235),(3414,70,'Substitution',161,573),(3415,77,'Cartão Amarelo',161,235),(3416,80,'Substitution',161,570),(3417,83,'Woodwork',161,212),(3418,84,'Gol (Gol de campo)',161,212),(3419,88,'Substitution',161,205),(3420,90,'Substitution',161,209),(3421,90,'Gol (Gol de campo)',161,562),(3422,21,'Woodwork',162,574),(3423,22,'Gol (Gol de campo)',162,587),(3424,37,'Cartão Amarelo',162,596),(3425,44,'Cartão Amarelo',162,583),(3426,45,'Cartão Amarelo',162,249),(3427,46,'Substitution',162,238),(3428,46,'Substitution',162,261),(3429,49,'Gol (Gol de campo)',162,254),(3430,51,'Gol (Gol de campo)',162,587),(3431,59,'Cartão Amarelo',162,264),(3432,61,'Substitution',162,576),(3433,71,'Substitution',162,718),(3434,72,'Substitution',162,257),(3435,80,'Substitution',162,575),(3436,80,'Substitution',162,593),(3437,81,'Substitution',162,259),(3438,81,'Substitution',162,582),(3439,82,'Substitution',162,249),(3440,90,'Cartão Amarelo',162,577),(3441,6,'Gol (Gol de campo)',154,59),(3442,9,'Gol (Gol de campo)',154,650),(3443,14,'Woodwork',154,669),(3444,38,'Cartão Amarelo',154,67),(3445,45,'Cartão Amarelo',154,51),(3446,50,'Cartão Amarelo',154,654),(3447,51,'Gol (Gol de campo)',154,46),(3448,53,'Gol (Gol Contra)',154,665),(3449,58,'Substitution',154,658),(3450,59,'Substitution',154,664),(3451,68,'Substitution',154,39),(3452,68,'Substitution',154,61),(3453,70,'Substitution',154,644),(3454,79,'Substitution',154,696),(3455,79,'Substitution',154,725),(3456,80,'Cartão Amarelo',154,725),(3457,85,'Substitution',154,53),(3458,85,'Substitution',154,57),(3459,85,'Substitution',154,60),(3460,89,'Woodwork',154,57),(3461,11,'Gol (Gol Contra)',155,126),(3462,31,'Woodwork',155,117),(3463,38,'Cartão Amarelo',155,81),(3464,39,'Gol (Pênalti)',155,117),(3465,57,'Cartão Amarelo',155,118),(3466,63,'Gol (Gol de campo)',155,76),(3467,69,'Substitution',155,103),(3468,69,'Substitution',155,121),(3469,76,'Substitution',155,75),(3470,76,'Substitution',155,88),(3471,80,'Substitution',155,104),(3472,80,'Substitution',155,123),(3473,84,'Substitution',155,94),(3474,87,'Substitution',155,80),(3475,88,'Substitution',155,79),(3476,45,'Cartão Amarelo',156,708),(3477,53,'Gol (Gol de campo)',156,523),(3478,61,'Substitution',156,502),(3479,61,'Substitution',156,506),(3480,74,'Substitution',156,712),(3481,75,'Substitution',156,733),(3482,75,'Substitution',156,525),(3483,83,'Substitution',156,512),(3484,83,'Substitution',156,533),(3485,84,'Substitution',156,737),(3486,84,'Substitution',156,508),(3487,89,'Gol (Gol de campo)',156,506),(3488,90,'Substitution',156,511),(3489,90,'Cartão Amarelo',156,540),(3490,90,'Cartão Amarelo',156,533),(3491,9,'Cartão Amarelo',157,610),(3492,13,'Gol (Gol de campo)',157,605),(3493,18,'Gol (Gol de campo)',157,165),(3494,44,'Cartão Amarelo',157,604),(3495,45,'Gol (Gol de campo)',157,621),(3496,59,'Cartão Vermelho',157,176),(3497,66,'Substitution',157,181),(3498,66,'Substitution',157,190),(3499,73,'Substitution',157,631),(3500,80,'Substitution',157,164),(3501,83,'Cartão Amarelo',157,163),(3502,86,'Substitution',157,177),(3503,86,'Substitution',157,193),(3504,90,'Substitution',157,628),(3505,36,'Substitution',158,10),(3506,37,'Cartão Amarelo',158,5),(3507,56,'Pênalti Perdido',158,5),(3508,59,'Substitution',158,363),(3509,59,'Substitution',158,738),(3510,59,'Substitution',158,15),(3511,62,'Gol (Gol de campo)',158,17),(3512,76,'Substitution',158,345),(3513,76,'Substitution',158,343),(3514,76,'Cartão Amarelo',158,29),(3515,82,'Substitution',158,734),(3516,82,'Substitution',158,739),(3517,89,'Woodwork',158,343),(3518,90,'Substitution',158,362),(3519,90,'Cartão Amarelo',158,335),(3520,90,'Cartão Amarelo',158,739),(3521,90,'Cartão Amarelo',158,363),(3522,15,'Gol (Gol de campo)',151,205),(3523,17,'Gol (Gol de campo)',151,699),(3524,45,'Cartão Amarelo',151,383),(3525,46,'Substitution',151,740),(3526,46,'Substitution',151,390),(3527,46,'Substitution',151,394),(3528,46,'Substitution',151,403),(3529,57,'Cartão Vermelho',151,378),(3530,59,'Substitution',151,741),(3531,63,'Substitution',151,742),(3532,73,'Substitution',151,213),(3533,73,'Substitution',151,735),(3534,81,'Cartão Amarelo',151,742),(3535,85,'Substitution',151,209),(3536,85,'Substitution',151,235),(3537,3,'Cartão Amarelo',152,313),(3538,28,'Cartão Amarelo',152,294),(3539,32,'Cartão Amarelo',152,326),(3540,45,'Cartão Amarelo',152,276),(3541,55,'Gol (Gol de campo)',152,320),(3542,60,'Substitution',152,267),(3543,66,'Substitution',152,286),(3544,66,'Substitution',152,299),(3545,68,'Substitution',152,703),(3546,78,'Substitution',152,292),(3547,78,'Substitution',152,296),(3548,79,'Substitution',152,324),(3549,80,'Substitution',152,714),(3550,80,'Substitution',152,743),(3551,82,'Cartão Amarelo',152,278),(3552,83,'Cartão Amarelo',152,296),(3553,84,'Cartão Amarelo',152,743),(3554,90,'Substitution',152,330),(3555,90,'Cartão Amarelo',152,286),(3556,90,'Gol (Gol de campo)',152,324),(3557,9,'Gol (Gol de campo)',153,242),(3558,15,'Gol (Gol de campo)',153,261),(3559,36,'Cartão Amarelo',153,407),(3560,40,'Cartão Amarelo',153,242),(3561,46,'Substitution',153,414),(3562,49,'Cartão Amarelo',153,408),(3563,61,'Gol (Gol de campo)',153,415),(3564,65,'Substitution',153,240),(3565,65,'Substitution',153,252),(3566,65,'Substitution',153,255),(3567,66,'Substitution',153,410),(3568,73,'Substitution',153,417),(3569,73,'Substitution',153,427),(3570,76,'Substitution',153,258),(3571,78,'Gol (Gol de campo)',153,259),(3572,79,'Cartão Amarelo',153,239),(3573,79,'Cartão Amarelo',153,744),(3574,82,'Substitution',153,244),(3575,90,'Cartão Amarelo',153,262),(3576,6,'Gol (Gol de campo)',143,212),(3577,27,'Cartão Amarelo',143,214),(3578,41,'Gol anulado (Var)',143,294),(3579,45,'Gol (Gol de campo)',143,219),(3580,48,'Gol (Gol de campo)',143,224),(3581,58,'Substitution',143,278),(3582,58,'Substitution',143,288),(3583,58,'Substitution',143,299),(3584,68,'Substitution',143,735),(3585,74,'Substitution',143,235),(3586,78,'Substitution',143,296),(3587,81,'Cartão Amarelo',143,208),(3588,84,'Substitution',143,205),(3589,84,'Substitution',143,745),(3590,84,'Substitution',143,742),(3591,84,'Substitution',143,267),(3592,89,'Cartão Amarelo',143,283),(3593,90,'Gol anulado (Var)',143,699),(3594,56,'Gol (Gol de campo)',144,76),(3595,64,'Substitution',144,506),(3596,64,'Substitution',144,508),(3597,70,'Substitution',144,502),(3598,70,'Substitution',144,507),(3599,71,'Cartão Amarelo',144,83),(3600,73,'Substitution',144,78),(3601,73,'Cartão Amarelo',144,506),(3602,78,'Substitution',144,477),(3603,80,'Substitution',144,79),(3604,80,'Substitution',144,91),(3605,86,'Cartão Amarelo',144,479),(3606,90,'Substitution',144,746),(3607,22,'Woodwork',145,380),(3608,25,'Gol (Gol de campo)',145,443),(3609,32,'Gol (Gol de campo)',145,452),(3610,37,'Gol anulado (Var)',145,377),(3611,46,'Substitution',145,463),(3612,46,'Substitution',145,740),(3613,46,'Substitution',145,394),(3614,49,'Cartão Amarelo',145,461),(3615,55,'Gol anulado (Var)',145,450),(3616,61,'Substitution',145,403),(3617,67,'Substitution',145,442),(3618,67,'Substitution',145,454),(3619,69,'Cartão Amarelo',145,383),(3620,74,'Substitution',145,741),(3621,76,'Substitution',145,451),(3622,76,'Substitution',145,462),(3623,77,'Cartão Amarelo',145,371),(3624,83,'Gol (Gol de campo)',145,450),(3625,90,'Cartão Amarelo',145,398),(3626,45,'Substitution',146,747),(3627,46,'Substitution',146,133),(3628,46,'Substitution',146,149),(3629,46,'Substitution',146,748),(3630,50,'Cartão Amarelo',146,314),(3631,60,'Substitution',146,736),(3632,60,'Substitution',146,702),(3633,61,'Gol (Gol de campo)',146,325),(3634,66,'Substitution',146,142),(3635,72,'Gol (Gol de campo)',146,748),(3636,76,'Cartão Amarelo',146,736),(3637,78,'Cartão Amarelo',146,149),(3638,80,'Gol (Gol de campo)',146,720),(3639,81,'Substitution',146,160),(3640,84,'Substitution',146,327),(3641,88,'Cartão Amarelo',146,134),(3642,90,'Woodwork',146,747),(3643,90,'Substitution',146,302),(3644,90,'Substitution',146,714),(3645,18,'Cartão Amarelo',148,250),(3646,45,'Gol (Gol de campo)',148,67),(3647,61,'Gol (Gol de campo)',148,45),(3648,62,'Cartão Amarelo',148,45),(3649,63,'Substitution',148,261),(3650,68,'Substitution',148,249),(3651,68,'Substitution',148,749),(3652,68,'Substitution',148,255),(3653,72,'Substitution',148,40),(3654,73,'Substitution',148,61),(3655,78,'Substitution',148,243),(3656,81,'Substitution',148,60),(3657,90,'Substitution',148,53),(3658,90,'Substitution',148,57),(3659,46,'Substitution',149,661),(3660,47,'Gol (Gol de campo)',149,645),(3661,50,'Gol (Gol de campo)',149,419),(3662,63,'Cartão Amarelo',149,430),(3663,63,'Cartão Amarelo',149,645),(3664,65,'Substitution',149,425),(3665,71,'Cartão Amarelo',149,422),(3666,74,'Cartão Vermelho',149,661),(3667,75,'Substitution',149,407),(3668,76,'Substitution',149,415),(3669,76,'Substitution',149,426),(3670,76,'Cartão Amarelo',149,426),(3671,78,'Gol (Gol de campo)',149,415),(3672,82,'Substitution',149,653),(3673,82,'Substitution',149,658),(3674,83,'Substitution',149,717),(3675,83,'Substitution',149,664),(3676,89,'Substitution',149,412),(3677,15,'Woodwork',147,354),(3678,31,'Gol (Pênalti)',147,347),(3679,37,'Gol (Gol de campo)',147,358),(3680,41,'Cartão Amarelo',147,520),(3681,43,'Gol (Gol de campo)',147,523),(3682,46,'Substitution',147,529),(3683,51,'Cartão Amarelo',147,515),(3684,61,'Substitution',147,362),(3685,62,'Woodwork',147,510),(3686,72,'Substitution',147,512),(3687,72,'Substitution',147,540),(3688,73,'Substitution',147,345),(3689,73,'Substitution',147,750),(3690,75,'Substitution',147,733),(3691,85,'Substitution',147,704),(3692,86,'Substitution',147,336),(3693,86,'Cartão Amarelo',147,352),(3694,86,'Substitution',147,343),(3695,13,'Gol (Gol de campo)',150,26),(3696,17,'Cartão Amarelo',150,2),(3697,20,'Cartão Amarelo',150,11),(3698,24,'Cartão Vermelho',150,613),(3699,57,'Substitution',150,15),(3700,71,'Substitution',150,17),(3701,71,'Substitution',150,19),(3702,72,'Substitution',150,605),(3703,72,'Substitution',150,628),(3704,72,'Woodwork',150,604),(3705,79,'Gol (Gol de campo)',150,34),(3706,83,'Substitution',150,10),(3707,83,'Substitution',150,35),(3708,84,'Cartão Amarelo',150,628),(3709,90,'Substitution',150,751),(3710,90,'Gol (Gol de campo)',150,17),(3711,6,'Gol (Gol de campo)',141,590),(3712,18,'Cartão Amarelo',141,117),(3713,39,'Substitution',141,131),(3714,46,'Substitution',141,752),(3715,50,'Cartão Amarelo',141,589),(3716,55,'Cartão Amarelo',141,590),(3717,55,'Substitution',141,578),(3718,60,'Gol (Gol de campo)',141,117),(3719,74,'Substitution',141,575),(3720,83,'Substitution',141,123),(3721,83,'Substitution',141,129),(3722,89,'Substitution',141,593),(3723,89,'Substitution',141,598),(3724,90,'Cartão Amarelo',141,598),(3725,43,'Cartão Amarelo',142,544),(3726,46,'Substitution',142,556),(3727,65,'Gol (Gol de campo)',142,193),(3728,68,'Cartão Amarelo',142,170),(3729,72,'Substitution',142,562),(3730,73,'Substitution',142,570),(3731,80,'Substitution',142,753),(3732,81,'Substitution',142,190),(3733,81,'Substitution',142,573),(3734,86,'Substitution',142,559),(3735,88,'Cartão Amarelo',142,547),(3736,90,'Woodwork',142,167),(3737,90,'Pênalti Perdido',142,167),(3738,90,'Gol (Gol de campo)',142,167),(3739,90,'Substitution',142,191),(3740,90,'Substitution',142,177),(3741,90,'Cartão Amarelo',142,192),(3742,2,'Gol (Gol de campo)',137,383),(3743,37,'Cartão Amarelo',137,68),(3744,41,'Cartão Amarelo',137,64),(3745,46,'Substitution',137,37),(3746,54,'Substitution',137,60),(3747,54,'Cartão Amarelo',137,52),(3748,59,'Substitution',137,740),(3749,69,'Substitution',137,39),(3750,70,'Gol (Pênalti)',137,381),(3751,71,'Cartão Amarelo',137,384),(3752,73,'Substitution',137,754),(3753,74,'Substitution',137,372),(3754,74,'Substitution',137,396),(3755,74,'Gol (Gol de campo)',137,59),(3756,77,'Gol (Gol de campo)',137,67),(3757,81,'Substitution',137,403),(3758,82,'Cartão Amarelo',137,396),(3759,88,'Substitution',137,53),(3760,24,'Cartão Amarelo',138,440),(3761,45,'Cartão Amarelo',138,443),(3762,52,'Cartão Amarelo',138,453),(3763,59,'Gol (Gol de campo)',138,252),(3764,66,'Substitution',138,451),(3765,66,'Substitution',138,441),(3766,68,'Gol (Gol de campo)',138,253),(3767,71,'Substitution',138,261),(3768,74,'Substitution',138,454),(3769,74,'Substitution',138,755),(3770,77,'Substitution',138,249),(3771,77,'Substitution',138,749),(3772,77,'Substitution',138,255),(3773,78,'Substitution',138,471),(3774,84,'Substitution',138,262),(3775,90,'Cartão Amarelo',138,471),(3776,10,'Woodwork',139,479),(3777,35,'Cartão Amarelo',139,499),(3778,39,'Cartão Amarelo',139,481),(3779,40,'Gol (Gol de campo)',139,687),(3780,42,'Cartão Amarelo',139,475),(3781,45,'Cartão Amarelo',139,133),(3782,45,'Gol (Gol de campo)',139,474),(3783,56,'Substitution',139,150),(3784,60,'Woodwork',139,687),(3785,63,'Substitution',139,498),(3786,64,'Substitution',139,737),(3787,71,'Substitution',139,477),(3788,71,'Substitution',139,491),(3789,75,'Substitution',139,486),(3790,75,'Substitution',139,721),(3791,84,'Substitution',139,140),(3792,84,'Substitution',139,138),(3793,86,'Substitution',139,756),(3794,90,'Cartão Amarelo',139,737),(3795,90,'Cartão Amarelo',139,708),(3796,4,'Woodwork',140,348),(3797,20,'Cartão Amarelo',140,278),(3798,26,'Gol (Gol de campo)',140,283),(3799,31,'Substitution',140,342),(3800,37,'Gol (Gol de campo)',140,347),(3801,43,'Gol (Gol de campo)',140,283),(3802,45,'Cartão Amarelo',140,280),(3803,59,'Cartão Amarelo',140,285),(3804,61,'Substitution',140,268),(3805,61,'Substitution',140,362),(3806,61,'Substitution',140,363),(3807,71,'Substitution',140,292),(3808,71,'Substitution',140,299),(3809,73,'Cartão Amarelo',140,272),(3810,83,'Substitution',140,296),(3811,83,'Substitution',140,295),(3812,86,'Gol (Pênalti)',140,347),(3813,86,'Cartão Amarelo',140,349),(3814,88,'Substitution',140,757),(3815,88,'Cartão Amarelo',140,757),(3816,90,'Cartão Amarelo',140,354),(3817,90,'Gol (Gol de campo)',140,296),(3818,5,'Gol (Gol de campo)',131,35),(3819,26,'Cartão Amarelo',131,583),(3820,45,'Gol (Pênalti)',131,587),(3821,46,'Substitution',131,594),(3822,54,'Cartão Amarelo',131,576),(3823,64,'Substitution',131,582),(3824,64,'Substitution',131,7),(3825,64,'Substitution',131,11),(3826,64,'Substitution',131,34),(3827,71,'Substitution',131,10),(3828,72,'Cartão Amarelo',131,10),(3829,75,'Gol (Gol de campo)',131,29),(3830,77,'Substitution',131,584),(3831,77,'Substitution',131,676),(3832,83,'Substitution',131,580),(3833,85,'Cartão Amarelo',131,582),(3834,86,'Substitution',131,739),(3835,90,'Cartão Amarelo',131,594),(3836,14,'Substitution',132,703),(3837,35,'Cartão Amarelo',132,76),(3838,37,'Cartão Amarelo',132,305),(3839,39,'Cartão Vermelho',132,99),(3840,45,'Gol (Gol de campo)',132,326),(3841,46,'Substitution',132,318),(3842,46,'Substitution',132,85),(3843,52,'Cartão Amarelo',132,319),(3844,59,'Substitution',132,78),(3845,59,'Substitution',132,93),(3846,63,'Gol (Gol de campo)',132,303),(3847,64,'Cartão Amarelo',132,313),(3848,65,'Cartão Amarelo',132,74),(3849,67,'Cartão Amarelo',132,85),(3850,68,'Substitution',132,714),(3851,69,'Substitution',132,702),(3852,71,'Substitution',132,79),(3853,71,'Substitution',132,746),(3854,81,'Substitution',132,317),(3855,83,'Cartão Amarelo',132,320),(3856,17,'Cartão Amarelo',133,214),(3857,46,'Substitution',133,529),(3858,46,'Substitution',133,235),(3859,46,'Gol (Gol de campo)',133,513),(3860,51,'Cartão Amarelo',133,523),(3861,64,'Substitution',133,510),(3862,64,'Substitution',133,540),(3863,64,'Substitution',133,219),(3864,65,'Substitution',133,735),(3865,74,'Substitution',133,511),(3866,77,'Woodwork',133,235),(3867,81,'Substitution',133,213),(3868,82,'Cartão Amarelo',133,521),(3869,83,'Substitution',133,530),(3870,88,'Substitution',133,758),(3871,88,'Cartão Amarelo',133,511),(3872,88,'Cartão Amarelo',133,228),(3873,90,'Cartão Vermelho (Second Yellow Card)',133,511),(3874,14,'Gol (Gol de campo)',134,112),(3875,24,'Woodwork',134,126),(3876,24,'Gol (Gol de campo)',134,123),(3877,41,'Cartão Amarelo',134,112),(3878,46,'Substitution',134,605),(3879,49,'Cartão Amarelo',134,634),(3880,51,'Gol (Gol de campo)',134,113),(3881,52,'Cartão Amarelo',134,113),(3882,57,'Gol (Pênalti)',134,604),(3883,62,'Cartão Amarelo',134,632),(3884,63,'Substitution',134,117),(3885,63,'Cartão Vermelho (Second Yellow Card)',134,634),(3886,66,'Substitution',134,606),(3887,66,'Substitution',134,628),(3888,68,'Gol (Gol de campo)',134,112),(3889,71,'Cartão Amarelo',134,610),(3890,72,'Substitution',134,110),(3891,72,'Substitution',134,104),(3892,80,'Substitution',134,705),(3893,80,'Substitution',134,131),(3894,90,'Gol (Gol de campo)',134,604),(3895,6,'Gol (Gol de campo)',135,547),(3896,8,'Cartão Amarelo',135,546),(3897,12,'Gol anulado (Var)',135,665),(3898,19,'Cartão Amarelo',135,647),(3899,20,'Gol (Gol de campo)',135,698),(3900,29,'Gol (Gol de campo)',135,645),(3901,32,'Cartão Amarelo',135,698),(3902,39,'Cartão Amarelo',135,651),(3903,45,'Gol (Gol de campo)',135,547),(3904,46,'Substitution',135,549),(3905,46,'Substitution',135,653),(3906,46,'Substitution',135,664),(3907,60,'Substitution',135,556),(3908,68,'Substitution',135,562),(3909,68,'Substitution',135,570),(3910,69,'Substitution',135,759),(3911,78,'Substitution',135,760),(3912,78,'Substitution',135,725),(3913,80,'Cartão Amarelo',135,759),(3914,86,'Substitution',135,565),(3915,33,'Gol (Gol de campo)',136,188),(3916,38,'Gol (Gol de campo)',136,407),(3917,61,'Gol (Gol de campo)',136,169),(3918,65,'Substitution',136,753),(3919,66,'Cartão Amarelo',136,420),(3920,66,'Cartão Amarelo',136,169),(3921,68,'Substitution',136,410),(3922,68,'Substitution',136,673),(3923,68,'Substitution',136,436),(3924,75,'Cartão Amarelo',136,192),(3925,76,'Cartão Vermelho',136,428),(3926,78,'Substitution',136,431),(3927,81,'Substitution',136,189),(3928,81,'Substitution',136,732),(3929,81,'Substitution',136,190),(3930,87,'Substitution',136,415),(3931,87,'Cartão Amarelo',136,188),(3932,87,'Substitution',136,193),(3933,33,'Cartão Amarelo',130,294),(3934,36,'Cartão Amarelo',130,61),(3935,43,'Cartão Amarelo',130,43),(3936,45,'Substitution',130,761),(3937,53,'Gol (Gol de campo)',130,61),(3938,57,'Gol (Gol de campo)',130,68),(3939,63,'Cartão Amarelo',130,283),(3940,63,'Cartão Vermelho',130,46),(3941,67,'Substitution',130,267),(3942,67,'Substitution',130,278),(3943,70,'Cartão Amarelo',130,51),(3944,72,'Substitution',130,286),(3945,78,'Substitution',130,281),(3946,78,'Substitution',130,288),(3947,80,'Substitution',130,37),(3948,80,'Substitution',130,60),(3949,86,'Cartão Amarelo',130,297),(3950,87,'Substitution',130,762),(3951,87,'Cartão Amarelo',130,49),(3952,90,'Cartão Amarelo',130,272),(3953,11,'Gol (Gol de campo)',123,645),(3954,23,'Gol (Gol de campo)',123,621),(3955,28,'Woodwork',123,604),(3956,46,'Substitution',123,644),(3957,68,'Substitution',123,763),(3958,73,'Cartão Amarelo',123,644),(3959,86,'Substitution',123,661),(3960,86,'Substitution',123,725),(3961,90,'Substitution',123,653),(3962,90,'Substitution',123,760),(3963,90,'Substitution',123,607),(3964,90,'Substitution',123,636),(3965,33,'Substitution',124,475),(3966,36,'Cartão Amarelo',124,374),(3967,39,'Cartão Amarelo',124,479),(3968,46,'Substitution',124,502),(3969,52,'Cartão Amarelo',124,502),(3970,55,'Cartão Amarelo',124,385),(3971,61,'Gol (Gol de campo)',124,707),(3972,70,'Substitution',124,726),(3973,70,'Substitution',124,740),(3974,70,'Substitution',124,474),(3975,70,'Substitution',124,498),(3976,83,'Substitution',124,506),(3977,84,'Substitution',124,394),(3978,84,'Substitution',124,403),(3979,87,'Cartão Vermelho (Second Yellow Card)',124,502),(3980,90,'Substitution',124,396),(3981,30,'Gol (Gol de campo)',125,169),(3982,32,'Gol (Gol de campo)',125,188),(3983,33,'Cartão Amarelo',125,188),(3984,44,'Cartão Amarelo',125,250),(3985,49,'Gol (Gol de campo)',125,238),(3986,61,'Substitution',125,261),(3987,65,'Gol (Gol de campo)',125,167),(3988,65,'Cartão Amarelo',125,167),(3989,69,'Substitution',125,255),(3990,70,'Substitution',125,249),(3991,70,'Substitution',125,749),(3992,80,'Gol anulado (Var)',125,169),(3993,81,'Substitution',125,262),(3994,84,'Substitution',125,181),(3995,84,'Substitution',125,182),(3996,84,'Substitution',125,189),(3997,86,'Cartão Amarelo',125,166),(3998,89,'Cartão Amarelo',125,163),(3999,90,'Substitution',125,732),(4000,90,'Woodwork',125,169),(4001,90,'Substitution',125,753),(4002,21,'Gol (Pênalti)',126,76),(4003,45,'Gol (Gol de campo)',126,82),(4004,46,'Substitution',126,443),(4005,46,'Substitution',126,454),(4006,54,'Woodwork',126,84),(4007,55,'Cartão Amarelo',126,82),(4008,67,'Substitution',126,441),(4009,68,'Cartão Amarelo',126,75),(4010,70,'Substitution',126,88),(4011,74,'Gol (Gol de campo)',126,454),(4012,77,'Substitution',126,462),(4013,77,'Substitution',126,755),(4014,81,'Substitution',126,79),(4015,88,'Substitution',126,723),(4016,89,'Substitution',126,85),(4017,16,'Gol (Gol de campo)',128,117),(4018,22,'Cartão Amarelo',128,116),(4019,26,'Cartão Amarelo',128,231),(4020,38,'Gol (Gol de campo)',128,212),(4021,46,'Substitution',128,121),(4022,64,'Cartão Amarelo',128,228),(4023,65,'Gol (Gol de campo)',128,115),(4024,67,'Substitution',128,209),(4025,73,'Substitution',128,213),(4026,73,'Substitution',128,735),(4027,79,'Substitution',128,752),(4028,89,'Substitution',128,742),(4029,89,'Substitution',128,235),(4030,90,'Cartão Amarelo',128,211),(4031,8,'Substitution',127,362),(4032,12,'Cartão Amarelo',127,427),(4033,46,'Substitution',127,764),(4034,46,'Substitution',127,363),(4035,46,'Substitution',127,422),(4036,46,'Substitution',127,421),(4037,51,'Cartão Amarelo',127,361),(4038,60,'Cartão Amarelo',127,362),(4039,62,'Substitution',127,673),(4040,71,'Substitution',127,750),(4041,78,'Substitution',127,342),(4042,80,'Substitution',127,436),(4043,80,'Gol (Gol de campo)',127,419),(4044,82,'Cartão Amarelo',127,414),(4045,90,'Substitution',127,415),(4046,90,'Cartão Amarelo',127,349),(4047,30,'Cartão Amarelo',129,518),(4048,40,'Gol (Gol de campo)',129,136),(4049,46,'Substitution',129,529),(4050,60,'Cartão Amarelo',129,133),(4051,66,'Substitution',129,513),(4052,66,'Substitution',129,733),(4053,66,'Cartão Amarelo',129,733),(4054,71,'Substitution',129,765),(4055,71,'Substitution',129,138),(4056,77,'Cartão Amarelo',129,687),(4057,79,'Gol (Gol de campo)',129,535),(4058,86,'Cartão Amarelo',129,137),(4059,87,'Substitution',129,530),(4060,87,'Substitution',129,160),(4061,90,'Substitution',129,704),(4062,14,'Substitution',121,301),(4063,34,'Cartão Amarelo',121,302),(4064,40,'Cartão Amarelo',121,319),(4065,45,'Cartão Amarelo',121,2),(4066,45,'Cartão Amarelo',121,4),(4067,58,'Substitution',121,20),(4068,59,'Cartão Amarelo',121,20),(4069,60,'Substitution',121,714),(4070,60,'Substitution',121,324),(4071,60,'Substitution',121,702),(4072,70,'Substitution',121,10),(4073,73,'Gol (Gol de campo)',121,2),(4074,77,'Cartão Amarelo',121,321),(4075,80,'Substitution',121,327),(4076,80,'Substitution',121,7),(4077,80,'Substitution',121,766),(4078,80,'Substitution',121,35),(4079,84,'Gol (Gol de campo)',121,303),(4080,89,'Cartão Amarelo',121,702),(4081,89,'Cartão Amarelo',121,734),(4082,90,'Cartão Amarelo',121,766),(4083,19,'Cartão Amarelo',122,581),(4084,33,'Gol (Gol de campo)',122,590),(4085,42,'Gol (Gol de campo)',122,698),(4086,45,'Cartão Amarelo',122,554),(4087,45,'Cartão Amarelo',122,590),(4088,62,'Substitution',122,580),(4089,62,'Substitution',122,593),(4090,66,'Substitution',122,567),(4091,66,'Substitution',122,767),(4092,72,'Cartão Amarelo',122,767),(4093,73,'Substitution',122,582),(4094,73,'Substitution',122,557),(4095,73,'Substitution',122,570),(4096,80,'Cartão Amarelo',122,582),(4097,86,'Substitution',122,584),(4098,86,'Substitution',122,768),(4099,86,'Substitution',122,564),(4100,90,'Cartão Amarelo',122,587),(4101,90,'Cartão Vermelho',122,768),(4102,31,'Cartão Amarelo',119,486),(4103,34,'Cartão Amarelo',119,349),(4104,46,'Substitution',119,712),(4105,58,'Substitution',119,343),(4106,61,'Cartão Amarelo',119,482),(4107,63,'Cartão Amarelo',119,712),(4108,66,'Substitution',119,342),(4109,71,'Substitution',119,750),(4110,71,'Substitution',119,362),(4111,71,'Substitution',119,363),(4112,77,'Substitution',119,477),(4113,77,'Substitution',119,498),(4114,84,'Cartão Amarelo',119,356),(4115,85,'Substitution',119,737),(4116,86,'Substitution',119,475),(4117,90,'Gol (Gol de campo)',119,363),(4118,1,'Gol (Gol de campo)',120,166),(4119,14,'Cartão Amarelo',120,512),(4120,21,'Cartão Amarelo',120,533),(4121,22,'Gol (Gol de campo)',120,167),(4122,26,'Cartão Amarelo',120,170),(4123,34,'Cartão Amarelo',120,540),(4124,46,'Substitution',120,535),(4125,60,'Cartão Amarelo',120,167),(4126,69,'Substitution',120,511),(4127,69,'Substitution',120,529),(4128,75,'Substitution',120,181),(4129,75,'Substitution',120,182),(4130,75,'Substitution',120,180),(4131,79,'Cartão Amarelo',120,535),(4132,84,'Substitution',120,525),(4133,86,'Substitution',120,769),(4134,87,'Substitution',120,732),(4135,90,'Gol (Gol de campo)',120,510),(4136,90,'Substitution',120,753),(4137,15,'Gol (Gol de campo)',111,224),(4138,46,'Substitution',111,410),(4139,58,'Substitution',111,219),(4140,63,'Substitution',111,435),(4141,63,'Substitution',111,436),(4142,68,'Substitution',111,742),(4143,69,'Substitution',111,735),(4144,72,'Substitution',111,414),(4145,74,'Cartão Amarelo',111,214),(4146,77,'Substitution',111,209),(4147,77,'Substitution',111,235),(4148,79,'Substitution',111,427),(4149,88,'Cartão Amarelo',111,408),(4150,90,'Gol (Gol de campo)',111,235),(4151,90,'Cartão Amarelo',111,235),(4152,90,'Cartão Amarelo',111,407),(4153,6,'Gol (Gol de campo)',112,545),(4154,21,'Gol (Gol de campo)',112,5),(4155,45,'Cartão Amarelo',112,8),(4156,45,'Cartão Amarelo',112,698),(4157,46,'Substitution',112,34),(4158,46,'Substitution',112,547),(4159,52,'Gol (Gol de campo)',112,5),(4160,52,'Cartão Amarelo',112,547),(4161,57,'Substitution',112,554),(4162,57,'Substitution',112,566),(4163,57,'Substitution',112,770),(4164,65,'Substitution',112,771),(4165,68,'Cartão Amarelo',112,24),(4166,76,'Cartão Amarelo',112,546),(4167,82,'Substitution',112,739),(4168,87,'Substitution',112,766),(4169,5,'Gol (Gol de campo)',113,579),(4170,20,'Cartão Amarelo',113,583),(4171,21,'Cartão Amarelo',113,576),(4172,32,'Cartão Amarelo',113,295),(4173,35,'Substitution',113,286),(4174,38,'Woodwork',113,284),(4175,45,'Cartão Amarelo',113,578),(4176,46,'Substitution',113,281),(4177,54,'Cartão Amarelo',113,285),(4178,56,'Pênalti Perdido',113,587),(4179,60,'Substitution',113,584),(4180,60,'Substitution',113,590),(4181,64,'Cartão Amarelo',113,281),(4182,65,'Substitution',113,772),(4183,79,'Substitution',113,580),(4184,79,'Substitution',113,593),(4185,83,'Substitution',113,288),(4186,83,'Substitution',113,773),(4187,86,'Gol (Gol de campo)',113,288),(4188,90,'Cartão Amarelo',113,580),(4189,90,'Substitution',113,575),(4190,20,'Substitution',114,664),(4191,28,'Cartão Amarelo',114,740),(4192,32,'Substitution',114,707),(4193,32,'Substitution',114,403),(4194,45,'Cartão Amarelo',114,650),(4195,48,'Cartão Amarelo',114,403),(4196,49,'Cartão Amarelo',114,716),(4197,60,'Substitution',114,653),(4198,70,'Cartão Amarelo',114,664),(4199,71,'Cartão Amarelo',114,378),(4200,72,'Gol (Gol de campo)',114,644),(4201,75,'Cartão Amarelo',114,654),(4202,76,'Substitution',114,659),(4203,76,'Substitution',114,725),(4204,76,'Cartão Amarelo',114,696),(4205,76,'Substitution',114,661),(4206,80,'Substitution',114,377),(4207,80,'Substitution',114,394),(4208,82,'Gol (Gol de campo)',114,371),(4209,84,'Substitution',114,384),(4210,87,'Cartão Amarelo',114,725),(4211,87,'Cartão Amarelo',114,725),(4212,88,'Cartão Amarelo',114,653),(4213,19,'Gol (Gol de campo)',115,117),(4214,26,'Gol (Gol de campo)',115,461),(4215,36,'Substitution',115,454),(4216,46,'Substitution',115,118),(4217,53,'Cartão Amarelo',115,109),(4218,59,'Cartão Amarelo',115,438),(4219,60,'Substitution',115,443),(4220,60,'Substitution',115,444),(4221,68,'Substitution',115,103),(4222,71,'Substitution',115,455),(4223,71,'Substitution',115,462),(4224,73,'Woodwork',115,103),(4225,86,'Substitution',115,102),(4226,86,'Substitution',115,123),(4227,86,'Substitution',115,130),(4228,87,'Gol (Gol de campo)',115,462),(4229,90,'Cartão Amarelo',115,456),(4230,24,'Substitution',116,632),(4231,28,'Cartão Amarelo',116,613),(4232,33,'Cartão Amarelo',116,149),(4233,33,'Cartão Amarelo',116,625),(4234,45,'Cartão Amarelo',116,614),(4235,53,'Gol (Gol de campo)',116,613),(4236,61,'Cartão Amarelo',116,136),(4237,61,'Substitution',116,142),(4238,67,'Pênalti Perdido',116,134),(4239,67,'Gol (Gol de campo)',116,134),(4240,71,'Cartão Amarelo',116,142),(4241,75,'Substitution',116,763),(4242,78,'Substitution',116,765),(4243,79,'Substitution',116,634),(4244,88,'Substitution',116,138),(4245,88,'Substitution',116,160),(4246,90,'Cartão Amarelo',116,606),(4247,90,'Cartão Amarelo',116,756),(4248,90,'Gol (Gol de campo)',116,634),(4249,7,'Gol (Gol de campo)',117,252),(4250,20,'Gol (Gol de campo)',117,314),(4251,30,'Woodwork',117,253),(4252,32,'Cartão Amarelo',117,325),(4253,38,'Cartão Amarelo',117,313),(4254,55,'Cartão Amarelo',117,326),(4255,59,'Cartão Vermelho (Second Yellow Card)',117,313),(4256,64,'Substitution',117,255),(4257,65,'Substitution',117,749),(4258,65,'Substitution',117,261),(4259,71,'Substitution',117,317),(4260,71,'Substitution',117,330),(4261,72,'Substitution',117,249),(4262,78,'Substitution',117,714),(4263,79,'Substitution',117,324),(4264,82,'Cartão Amarelo',117,314),(4265,84,'Woodwork',117,242),(4266,85,'Gol (Gol de campo)',117,749),(4267,87,'Substitution',117,327),(4268,88,'Substitution',117,244),(4269,8,'Substitution',118,75),(4270,9,'Gol (Gol de campo)',118,76),(4271,12,'Cartão Amarelo',118,91),(4272,39,'Substitution',118,59),(4273,46,'Substitution',118,46),(4274,46,'Cartão Amarelo',118,45),(4275,48,'Gol (Gol de campo)',118,76),(4276,57,'Cartão Amarelo',118,52),(4277,61,'Substitution',118,39),(4278,61,'Substitution',118,67),(4279,66,'Cartão Amarelo',118,77),(4280,68,'Substitution',118,774),(4281,69,'Gol (Gol de campo)',118,88),(4282,74,'Substitution',118,68),(4283,87,'Substitution',118,79),(4284,87,'Substitution',118,93),(4285,14,'Gol (Gol de campo)',105,224),(4286,45,'Cartão Amarelo',105,208),(4287,45,'Gol (Gol de campo)',105,252),(4288,46,'Substitution',105,240),(4289,46,'Substitution',105,261),(4290,49,'Cartão Amarelo',105,224),(4291,55,'Woodwork',105,242),(4292,57,'Substitution',105,699),(4293,57,'Substitution',105,758),(4294,70,'Cartão Vermelho',105,215),(4295,72,'Substitution',105,749),(4296,74,'Substitution',105,209),(4297,75,'Substitution',105,255),(4298,78,'Gol (Gol de campo)',105,749),(4299,80,'Substitution',105,244),(4300,84,'Substitution',105,233),(4301,84,'Substitution',105,235),(4302,90,'Cartão Amarelo',105,205),(4303,90,'Gol (Gol de campo)',105,261),(4304,90,'Gol (Gol de campo)',105,749),(4305,45,'Cartão Amarelo',106,102),(4306,45,'Cartão Amarelo',106,474),(4307,46,'Substitution',106,104),(4308,62,'Cartão Amarelo',106,121),(4309,63,'Substitution',106,483),(4310,63,'Substitution',106,480),(4311,63,'Substitution',106,712),(4312,66,'Substitution',106,118),(4313,71,'Substitution',106,775),(4314,76,'Substitution',106,487),(4315,77,'Cartão Amarelo',106,487),(4316,80,'Substitution',106,705),(4317,86,'Cartão Amarelo',106,489),(4318,86,'Gol (Pênalti)',106,117),(4319,88,'Cartão Vermelho (Second Yellow Card)',106,489),(4320,89,'Cartão Amarelo',106,776),(4321,89,'Cartão Vermelho (Second Yellow Card)',106,776),(4322,90,'Cartão Amarelo',106,104),(4323,14,'Woodwork',107,418),(4324,39,'Cartão Amarelo',107,286),(4325,45,'Gol (Gol de campo)',107,425),(4326,46,'Substitution',107,278),(4327,65,'Woodwork',107,417),(4328,65,'Cartão Amarelo',107,407),(4329,70,'Substitution',107,281),(4330,70,'Substitution',107,777),(4331,72,'Substitution',107,409),(4332,72,'Substitution',107,419),(4333,82,'Substitution',107,292),(4334,84,'Substitution',107,427),(4335,84,'Substitution',107,773),(4336,89,'Substitution',107,415),(4337,89,'Substitution',107,436),(4338,90,'Woodwork',107,283),(4339,90,'Cartão Amarelo',107,415),(4340,90,'Gol (Gol de campo)',107,285),(4341,23,'Substitution',108,633),(4342,23,'Substitution',108,634),(4343,25,'Gol (Gol de campo)',108,89),(4344,45,'Cartão Amarelo',108,624),(4345,54,'Cartão Amarelo',108,83),(4346,57,'Substitution',108,628),(4347,58,'Gol (Gol de campo)',108,621),(4348,61,'Substitution',108,73),(4349,61,'Substitution',108,87),(4350,68,'Woodwork',108,614),(4351,71,'Woodwork',108,79),(4352,73,'Cartão Amarelo',108,87),(4353,76,'Substitution',108,88),(4354,77,'Substitution',108,95),(4355,79,'Substitution',108,606),(4356,79,'Substitution',108,763),(4357,84,'Cartão Amarelo',108,625),(4358,87,'Substitution',108,774),(4359,90,'Cartão Amarelo',108,634),(4360,38,'Woodwork',109,59),(4361,45,'Cartão Amarelo',109,439),(4362,49,'Gol (Gol de campo)',109,59),(4363,53,'Substitution',109,451),(4364,57,'Cartão Amarelo',109,59),(4365,64,'Gol (Gol de campo)',109,450),(4366,67,'Substitution',109,50),(4367,67,'Substitution',109,45),(4368,67,'Substitution',109,52),(4369,75,'Gol (Gol de campo)',109,67),(4370,77,'Substitution',109,444),(4371,77,'Substitution',109,462),(4372,78,'Substitution',109,39),(4373,79,'Woodwork',109,67),(4374,80,'Substitution',109,37),(4375,83,'Gol (Gol de campo)',109,37),(4376,85,'Substitution',109,455),(4377,85,'Substitution',109,778),(4378,86,'Cartão Amarelo',109,50),(4379,87,'Cartão Amarelo',109,440),(4380,87,'Cartão Amarelo',109,453),(4381,17,'Gol (Gol de campo)',110,343),(4382,32,'Cartão Amarelo',110,358),(4383,44,'Cartão Amarelo',110,698),(4384,45,'Gol (Gol de campo)',110,554),(4385,46,'Substitution',110,342),(4386,59,'Substitution',110,567),(4387,61,'Substitution',110,348),(4388,61,'Substitution',110,738),(4389,66,'Gol (Gol de campo)',110,698),(4390,71,'Substitution',110,771),(4391,71,'Substitution',110,570),(4392,71,'Substitution',110,352),(4393,72,'Substitution',110,337),(4394,77,'Substitution',110,562),(4395,77,'Substitution',110,566),(4396,80,'Cartão Amarelo',110,566),(4397,89,'Cartão Amarelo',110,348),(4398,90,'Cartão Amarelo',110,567),(4399,10,'Gol (Gol de campo)',101,515),(4400,21,'Cartão Amarelo',101,13),(4401,32,'Gol anulado (Var)',101,523),(4402,43,'Cartão Amarelo',101,517),(4403,46,'Substitution',101,734),(4404,46,'Substitution',101,5),(4405,46,'Substitution',101,24),(4406,55,'Gol (Gol de campo)',101,24),(4407,56,'Substitution',101,510),(4408,56,'Substitution',101,511),(4409,57,'Substitution',101,30),(4410,64,'Cartão Amarelo',101,19),(4411,67,'Substitution',101,739),(4412,70,'Cartão Amarelo',101,10),(4413,72,'Substitution',101,512),(4414,76,'Substitution',101,529),(4415,77,'Substitution',101,535),(4416,79,'Cartão Amarelo',101,535),(4417,84,'Gol (Gol de campo)',101,510),(4418,90,'Cartão Amarelo',101,511),(4419,90,'Cartão Amarelo',101,514),(4420,27,'Cartão Amarelo',102,374),(4421,42,'Cartão Amarelo',102,135),(4422,58,'Substitution',102,765),(4423,58,'Substitution',102,156),(4424,60,'Cartão Amarelo',102,707),(4425,60,'Cartão Amarelo',102,720),(4426,61,'Cartão Amarelo',102,385),(4427,64,'Substitution',102,160),(4428,64,'Gol (Gol Contra)',102,398),(4429,69,'Substitution',102,377),(4430,70,'Substitution',102,403),(4431,78,'Substitution',102,140),(4432,78,'Substitution',102,687),(4433,83,'Substitution',102,370),(4434,83,'Substitution',102,754),(4435,86,'Substitution',102,384),(4436,90,'Woodwork',102,149),(4437,90,'Woodwork',102,765),(4438,27,'Cartão Amarelo',103,779),(4439,28,'Substitution',103,584),(4440,35,'Cartão Amarelo',103,578),(4441,43,'Cartão Amarelo',103,581),(4442,45,'Cartão Amarelo',103,657),(4443,45,'Substitution',103,644),(4444,58,'Substitution',103,593),(4445,58,'Substitution',103,594),(4446,63,'Substitution',103,725),(4447,74,'Substitution',103,661),(4448,74,'Substitution',103,664),(4449,79,'Substitution',103,576),(4450,79,'Substitution',103,590),(4451,10,'Gol (Gol de campo)',104,193),(4452,33,'Gol (Gol Contra)',104,176),(4453,36,'Cartão Amarelo',104,189),(4454,39,'Cartão Amarelo',104,331),(4455,43,'Substitution',104,182),(4456,45,'Gol (Gol de campo)',104,331),(4457,46,'Substitution',104,181),(4458,46,'Substitution',104,192),(4459,64,'Substitution',104,317),(4460,64,'Substitution',104,703),(4461,72,'Substitution',104,188),(4462,74,'Substitution',104,315),(4463,77,'Cartão Amarelo',104,305),(4464,78,'Substitution',104,324),(4465,78,'Substitution',104,330),(4466,79,'Substitution',104,732),(4467,80,'Gol (Gol de campo)',104,330),(4468,88,'Cartão Amarelo',104,315),(4469,90,'Gol (Gol de campo)',104,313),(4470,8,'Gol (Gol de campo)',98,352),(4471,14,'Gol (Pênalti)',98,614),(4472,34,'Cartão Amarelo',98,349),(4473,36,'Cartão Amarelo',98,634),(4474,44,'Gol (Gol de campo)',98,346),(4475,45,'Cartão Amarelo',98,348),(4476,50,'Woodwork',98,624),(4477,60,'Substitution',98,607),(4478,63,'Substitution',98,738),(4479,66,'Gol (Gol de campo)',98,346),(4480,68,'Substitution',98,628),(4481,74,'Substitution',98,764),(4482,74,'Substitution',98,343),(4483,74,'Substitution',98,750),(4484,76,'Gol (Gol de campo)',98,750),(4485,81,'Substitution',98,636),(4486,82,'Substitution',98,780),(4487,83,'Substitution',98,710),(4488,88,'Gol (Gol de campo)',98,628),(4489,90,'Cartão Amarelo',98,624),(4490,24,'Gol (Gol de campo)',99,109),(4491,34,'Cartão Amarelo',99,121),(4492,35,'Gol (Gol de campo)',99,242),(4493,46,'Substitution',99,112),(4494,64,'Substitution',99,103),(4495,64,'Substitution',99,118),(4496,69,'Cartão Amarelo',99,254),(4497,76,'Substitution',99,130),(4498,78,'Substitution',99,255),(4499,78,'Substitution',99,261),(4500,84,'Substitution',99,749),(4501,85,'Substitution',99,249),(4502,86,'Substitution',99,128),(4503,90,'Substitution',99,262),(4504,90,'Gol (Gol de campo)',99,102),(4505,21,'Gol (Gol de campo)',100,46),(4506,38,'Cartão Amarelo',100,554),(4507,46,'Substitution',100,562),(4508,49,'Gol (Gol de campo)',100,553),(4509,55,'Gol (Gol de campo)',100,45),(4510,56,'Substitution',100,61),(4511,68,'Substitution',100,556),(4512,68,'Substitution',100,570),(4513,70,'Cartão Amarelo',100,556),(4514,75,'Substitution',100,59),(4515,76,'Substitution',100,60),(4516,85,'Substitution',100,762),(4517,85,'Substitution',100,761),(4518,85,'Substitution',100,771),(4519,90,'Substitution',100,770),(4520,42,'Cartão Amarelo',91,421),(4521,53,'Gol (Gol de campo)',91,418),(4522,57,'Substitution',91,26),(4523,69,'Substitution',91,781),(4524,69,'Substitution',91,782),(4525,72,'Substitution',91,419),(4526,76,'Cartão Amarelo',91,425),(4527,77,'Cartão Amarelo',91,426),(4528,81,'Substitution',91,19),(4529,81,'Substitution',91,739),(4530,82,'Substitution',91,422),(4531,82,'Substitution',91,414),(4532,85,'Cartão Amarelo',91,414),(4533,90,'Substitution',91,783),(4534,90,'Substitution',91,436),(4535,90,'Cartão Amarelo',91,783),(4536,90,'Gol (Gol de campo)',91,2),(4537,11,'Gol (Gol de campo)',92,651),(4538,40,'Cartão Amarelo',92,513),(4539,46,'Substitution',92,658),(4540,46,'Substitution',92,664),(4541,60,'Gol (Gol de campo)',92,540),(4542,65,'Substitution',92,535),(4543,66,'Substitution',92,725),(4544,74,'Substitution',92,511),(4545,74,'Substitution',92,523),(4546,82,'Substitution',92,784),(4547,83,'Substitution',92,759),(4548,88,'Substitution',92,530),(4549,88,'Substitution',92,769),(4550,90,'Cartão Amarelo',92,640),(4551,90,'Cartão Vermelho',92,652),(4552,90,'Gol (Gol de campo)',92,525),(4553,33,'Cartão Amarelo',94,91),(4554,42,'Gol (Pênalti)',94,76),(4555,44,'Cartão Vermelho',94,390),(4556,45,'Cartão Amarelo',94,384),(4557,45,'Cartão Amarelo',94,379),(4558,46,'Substitution',94,403),(4559,50,'Woodwork',94,87),(4560,66,'Substitution',94,377),(4561,66,'Substitution',94,726),(4562,67,'Substitution',94,73),(4563,73,'Substitution',94,82),(4564,73,'Substitution',94,95),(4565,77,'Substitution',94,75),(4566,78,'Substitution',94,96),(4567,78,'Substitution',94,373),(4568,80,'Cartão Amarelo',94,377),(4569,86,'Substitution',94,381),(4570,90,'Woodwork',94,384),(4571,90,'Cartão Amarelo',94,95),(4572,90,'Cartão Amarelo',94,76),(4573,90,'Cartão Amarelo',94,371),(4574,20,'Woodwork',93,591),(4575,36,'Cartão Amarelo',93,166),(4576,56,'Substitution',93,584),(4577,61,'Substitution',93,163),(4578,61,'Substitution',93,165),(4579,61,'Substitution',93,190),(4580,75,'Substitution',93,201),(4581,77,'Cartão Amarelo',93,201),(4582,80,'Substitution',93,188),(4583,80,'Substitution',93,593),(4584,80,'Substitution',93,594),(4585,82,'Gol (Gol de campo)',93,593),(4586,84,'Cartão Amarelo',93,585),(4587,87,'Cartão Amarelo',93,594),(4588,88,'Substitution',93,575),(4589,88,'Cartão Amarelo',93,589),(4590,88,'Substitution',93,785),(4591,3,'Cartão Amarelo',95,714),(4592,32,'Cartão Amarelo',95,308),(4593,46,'Substitution',95,326),(4594,46,'Substitution',95,327),(4595,52,'Gol (Gol de campo)',95,461),(4596,56,'Substitution',95,450),(4597,56,'Substitution',95,324),(4598,65,'Substitution',95,786),(4599,70,'Cartão Amarelo',95,786),(4600,71,'Substitution',95,451),(4601,71,'Substitution',95,444),(4602,83,'Substitution',95,313),(4603,84,'Cartão Amarelo',95,461),(4604,87,'Substitution',95,462),(4605,87,'Substitution',95,778),(4606,90,'Cartão Amarelo',95,462),(4607,90,'Cartão Vermelho',95,302),(4608,90,'Woodwork',95,444),(4609,90,'Gol (Gol de campo)',95,444),(4610,17,'Gol anulado (Var)',96,142),(4611,42,'Gol (Gol de campo)',96,149),(4612,65,'Substitution',96,288),(4613,69,'Substitution',96,765),(4614,77,'Substitution',96,286),(4615,78,'Substitution',96,756),(4616,78,'Substitution',96,721),(4617,84,'Substitution',96,150),(4618,84,'Substitution',96,772),(4619,84,'Cartão Amarelo',96,283),(4620,85,'Substitution',96,140),(4621,86,'Cartão Amarelo',96,765),(4622,89,'Cartão Amarelo',96,787),(4623,90,'Cartão Amarelo',96,280),(4624,26,'Cartão Amarelo',97,212),(4625,31,'Substitution',97,775),(4626,34,'Cartão Amarelo',97,475),(4627,41,'Gol (Pênalti)',97,211),(4628,45,'Cartão Amarelo',97,742),(4629,46,'Substitution',97,486),(4630,49,'Cartão Amarelo',97,735),(4631,63,'Substitution',97,235),(4632,63,'Substitution',97,506),(4633,70,'Substitution',97,699),(4634,77,'Substitution',97,480),(4635,77,'Substitution',97,487),(4636,80,'Cartão Amarelo',97,483),(4637,82,'Substitution',97,209),(4638,82,'Substitution',97,233),(4639,90,'Gol (Gol de campo)',97,211),(4640,22,'Cartão Amarelo',90,613),(4641,25,'Gol (Gol de campo)',90,52),(4642,30,'Cartão Amarelo',90,604),(4643,31,'Cartão Vermelho (Second Yellow Card)',90,604),(4644,36,'Cartão Amarelo',90,614),(4645,45,'Cartão Amarelo',90,50),(4646,46,'Substitution',90,633),(4647,46,'Woodwork',90,631),(4648,52,'Cartão Amarelo',90,788),(4649,60,'Gol (Pênalti)',90,50),(4650,61,'Gol (Gol de campo)',90,67),(4651,61,'Cartão Amarelo',90,67),(4652,70,'Substitution',90,37),(4653,71,'Substitution',90,60),(4654,73,'Cartão Amarelo',90,620),(4655,75,'Substitution',90,628),(4656,80,'Substitution',90,51),(4657,80,'Substitution',90,59),(4658,80,'Substitution',90,61),(4659,83,'Substitution',90,763),(4660,87,'Substitution',90,607),(4661,90,'Gol (Gol de campo)',90,59),(4662,90,'Cartão Vermelho',90,621),(4663,4,'Gol (Gol de campo)',84,165),(4664,21,'Cartão Amarelo',84,753),(4665,31,'Gol (Gol de campo)',84,278),(4666,41,'Gol (Gol Contra)',84,285),(4667,42,'Cartão Amarelo',84,789),(4668,44,'Cartão Amarelo',84,167),(4669,45,'Gol (Gol de campo)',84,772),(4670,46,'Substitution',84,297),(4671,69,'Substitution',84,181),(4672,69,'Substitution',84,182),(4673,69,'Cartão Amarelo',84,289),(4674,71,'Substitution',84,286),(4675,77,'Cartão Vermelho (Second Yellow Card)',84,289),(4676,82,'Substitution',84,790),(4677,82,'Cartão Amarelo',84,297),(4678,83,'Cartão Amarelo',84,165),(4679,88,'Substitution',84,188),(4680,90,'Cartão Amarelo',84,176),(4681,90,'Substitution',84,296),(4682,90,'Substitution',84,292),(4683,46,'Substitution',85,417),(4684,46,'Substitution',85,705),(4685,49,'Cartão Amarelo',85,705),(4686,67,'Substitution',85,103),(4687,73,'Substitution',85,414),(4688,73,'Substitution',85,430),(4689,74,'Substitution',85,419),(4690,83,'Substitution',85,427),(4691,83,'Substitution',85,130),(4692,87,'Cartão Amarelo',85,130),(4693,90,'Gol (Pênalti)',85,407),(4694,90,'Cartão Amarelo',85,414),(4695,90,'Cartão Amarelo',85,427),(4696,90,'Cartão Amarelo',85,115),(4697,90,'Gol (Gol de campo)',85,130),(4698,90,'Cartão Amarelo',85,428),(4699,90,'Cartão Vermelho',85,791),(4700,90,'Cartão Amarelo',85,410),(4701,90,'Cartão Vermelho',85,431),(4702,8,'Gol (Gol de campo)',83,346),(4703,21,'Gol anulado (Var)',83,347),(4704,28,'Cartão Amarelo',83,722),(4705,30,'Cartão Amarelo',83,148),(4706,46,'Substitution',83,136),(4707,46,'Substitution',83,720),(4708,46,'Substitution',83,149),(4709,51,'Cartão Amarelo',83,136),(4710,61,'Substitution',83,339),(4711,61,'Substitution',83,362),(4712,61,'Substitution',83,160),(4713,71,'Substitution',83,792),(4714,71,'Substitution',83,750),(4715,71,'Substitution',83,162),(4716,77,'Cartão Amarelo',83,353),(4717,82,'Gol (Gol de campo)',83,149),(4718,86,'Substitution',83,343),(4719,90,'Cartão Amarelo',83,140),(4720,90,'Cartão Amarelo',83,142),(4721,90,'Gol (Pênalti)',83,354),(4722,10,'Gol (Gol de campo)',86,34),(4723,21,'Gol (Gol de campo)',86,707),(4724,39,'Cartão Amarelo',86,707),(4725,45,'Cartão Amarelo',86,19),(4726,46,'Substitution',86,781),(4727,57,'Gol (Gol de campo)',86,20),(4728,62,'Substitution',86,7),(4729,62,'Substitution',86,739),(4730,70,'Substitution',86,740),(4731,70,'Substitution',86,403),(4732,74,'Substitution',86,5),(4733,78,'Substitution',86,394),(4734,78,'Cartão Amarelo',86,726),(4735,79,'Substitution',86,377),(4736,81,'Cartão Amarelo',86,740),(4737,81,'Cartão Amarelo',86,734),(4738,83,'Cartão Amarelo',86,781),(4739,84,'Substitution',86,373),(4740,38,'Cartão Amarelo',87,303),(4741,46,'Substitution',87,758),(4742,56,'Substitution',87,793),(4743,62,'Cartão Amarelo',87,207),(4744,65,'Substitution',87,313),(4745,65,'Substitution',87,317),(4746,68,'Cartão Amarelo',87,758),(4747,71,'Substitution',87,233),(4748,71,'Substitution',87,235),(4749,76,'Substitution',87,786),(4750,79,'Cartão Amarelo',87,205),(4751,82,'Cartão Amarelo',87,211),(4752,87,'Substitution',87,794),(4753,87,'Substitution',87,326),(4754,88,'Substitution',87,222),(4755,90,'Cartão Amarelo',87,313),(4756,3,'Gol (Gol de campo)',88,578),(4757,11,'Gol (Gol de campo)',88,589),(4758,25,'Substitution',88,79),(4759,32,'Cartão Amarelo',88,591),(4760,34,'Cartão Amarelo',88,89),(4761,37,'Gol (Gol de campo)',88,574),(4762,45,'Cartão Vermelho',88,79),(4763,45,'Cartão Amarelo',88,77),(4764,45,'Cartão Vermelho',88,77),(4765,45,'Cartão Vermelho',88,795),(4766,45,'Gol (Gol de campo)',88,587),(4767,46,'Substitution',88,584),(4768,46,'Substitution',88,75),(4769,46,'Substitution',88,91),(4770,54,'Gol (Pênalti)',88,584),(4771,58,'Substitution',88,746),(4772,59,'Substitution',88,582),(4773,59,'Substitution',88,785),(4774,63,'Cartão Amarelo',88,73),(4775,67,'Substitution',88,580),(4776,72,'Substitution',88,576),(4777,76,'Substitution',88,99),(4778,30,'Cartão Amarelo',89,517),(4779,34,'Gol (Gol de campo)',89,518),(4780,46,'Substitution',89,535),(4781,46,'Gol (Gol de campo)',89,510),(4782,56,'Gol (Gol de campo)',89,242),(4783,57,'Cartão Amarelo',89,514),(4784,63,'Cartão Vermelho (Second Yellow Card)',89,514),(4785,65,'Substitution',89,524),(4786,72,'Gol (Gol de campo)',89,258),(4787,74,'Substitution',89,749),(4788,74,'Substitution',89,255),(4789,74,'Substitution',89,261),(4790,77,'Substitution',89,512),(4791,77,'Substitution',89,520),(4792,85,'Substitution',89,733),(4793,88,'Cartão Amarelo',89,733),(4794,88,'Cartão Amarelo',89,252),(4795,90,'Substitution',89,243),(4796,90,'Substitution',89,262),(4797,2,'Gol (Gol de campo)',81,698),(4798,12,'Cartão Vermelho',81,557),(4799,14,'Cartão Amarelo',81,552),(4800,16,'Substitution',81,565),(4801,25,'Woodwork',81,462),(4802,25,'Gol (Gol de campo)',81,462),(4803,36,'Cartão Amarelo',81,462),(4804,41,'Cartão Amarelo',81,551),(4805,45,'Cartão Amarelo',81,459),(4806,54,'Cartão Amarelo',81,442),(4807,65,'Substitution',81,554),(4808,65,'Substitution',81,556),(4809,65,'Substitution',81,451),(4810,65,'Substitution',81,450),(4811,76,'Cartão Amarelo',81,457),(4812,76,'Substitution',81,755),(4813,82,'Gol (Gol de campo)',81,698),(4814,84,'Substitution',81,796),(4815,84,'Substitution',81,471),(4816,85,'Cartão Amarelo',81,555),(4817,87,'Substitution',81,549),(4818,87,'Substitution',81,771),(4819,90,'Cartão Amarelo',81,771),(4820,90,'Cartão Vermelho',81,731),(4821,41,'Gol (Gol de campo)',82,474),(4822,56,'Substitution',82,473),(4823,59,'Substitution',82,475),(4824,64,'Substitution',82,661),(4825,64,'Substitution',82,725),(4826,67,'Cartão Amarelo',82,482),(4827,70,'Cartão Amarelo',82,474),(4828,70,'Cartão Amarelo',82,666),(4829,71,'Gol (Gol de campo)',82,645),(4830,78,'Substitution',82,477),(4831,78,'Substitution',82,498),(4832,78,'Substitution',82,679),(4833,90,'Substitution',82,759),(4834,90,'Cartão Amarelo',82,797),(4835,90,'Cartão Amarelo',82,491),(4836,90,'Gol (Gol de campo)',82,759),(4837,90,'Cartão Vermelho',82,478),(4838,45,'Gol (Gol de campo)',75,212),(4839,50,'Substitution',75,233),(4840,60,'Substitution',75,593),(4841,64,'Gol (Pênalti)',75,587),(4842,66,'Cartão Amarelo',75,589),(4843,67,'Gol (Gol de campo)',75,217),(4844,69,'Substitution',75,209),(4845,69,'Substitution',75,735),(4846,69,'Substitution',75,235),(4847,77,'Substitution',75,582),(4848,78,'Substitution',75,598),(4849,78,'Cartão Amarelo',75,217),(4850,79,'Substitution',75,205),(4851,82,'Cartão Amarelo',75,220),(4852,86,'Substitution',75,768),(4853,87,'Cartão Amarelo',75,212),(4854,90,'Woodwork',75,212),(4855,90,'Cartão Amarelo',75,579),(4856,4,'Substitution',76,138),(4857,34,'Cartão Amarelo',76,135),(4858,57,'Cartão Amarelo',76,148),(4859,57,'Cartão Amarelo',76,720),(4860,66,'Cartão Amarelo',76,163),(4861,68,'Substitution',76,133),(4862,68,'Substitution',76,160),(4863,70,'Substitution',76,177),(4864,70,'Substitution',76,180),(4865,70,'Substitution',76,188),(4866,72,'Cartão Amarelo',76,765),(4867,81,'Substitution',76,193),(4868,82,'Cartão Amarelo',76,180),(4869,84,'Cartão Amarelo',76,169),(4870,85,'Substitution',76,150),(4871,85,'Substitution',76,687),(4872,87,'Substitution',76,732),(4873,90,'Cartão Amarelo',76,188),(4874,90,'Cartão Amarelo',76,150),(4875,25,'Substitution',77,112),(4876,30,'Substitution',77,116),(4877,32,'Cartão Amarelo',77,117),(4878,39,'Woodwork',77,116),(4879,42,'Gol (Gol de campo)',77,116),(4880,45,'Cartão Amarelo',77,126),(4881,46,'Cartão Amarelo',77,754),(4882,56,'Cartão Amarelo',77,740),(4883,57,'Substitution',77,403),(4884,59,'Woodwork',77,102),(4885,67,'Gol (Gol de campo)',77,116),(4886,68,'Cartão Amarelo',77,798),(4887,76,'Substitution',77,370),(4888,76,'Substitution',77,377),(4889,76,'Substitution',77,726),(4890,83,'Substitution',77,705),(4891,83,'Substitution',77,130),(4892,83,'Substitution',77,373),(4893,90,'Cartão Amarelo',77,378),(4894,90,'Gol (Gol de campo)',77,377),(4895,8,'Woodwork',78,515),(4896,8,'Gol (Gol de campo)',78,515),(4897,22,'Cartão Amarelo',78,733),(4898,23,'Gol (Gol de campo)',78,418),(4899,46,'Substitution',78,410),(4900,46,'Substitution',78,417),(4901,54,'Gol (Gol de campo)',78,418),(4902,65,'Woodwork',78,418),(4903,66,'Woodwork',78,417),(4904,72,'Substitution',78,535),(4905,73,'Substitution',78,510),(4906,79,'Gol (Gol de campo)',78,417),(4907,81,'Substitution',78,512),(4908,84,'Substitution',78,432),(4909,86,'Substitution',78,704),(4910,86,'Substitution',78,769),(4911,87,'Substitution',78,414),(4912,88,'Substitution',78,799),(4913,46,'Substitution',79,749),(4914,46,'Substitution',79,261),(4915,58,'Cartão Amarelo',79,250),(4916,62,'Substitution',79,249),(4917,64,'Substitution',79,76),(4918,64,'Substitution',79,83),(4919,68,'Woodwork',79,261),(4920,70,'Cartão Amarelo',79,258),(4921,75,'Substitution',79,244),(4922,80,'Gol (Gol de campo)',79,254),(4923,82,'Cartão Amarelo',79,83),(4924,83,'Substitution',79,82),(4925,83,'Substitution',79,774),(4926,83,'Substitution',79,96),(4927,84,'Substitution',79,243),(4928,86,'Cartão Amarelo',79,247),(4929,88,'Cartão Amarelo',79,243),(4930,90,'Cartão Amarelo',79,249),(4931,90,'Cartão Amarelo',79,261),(4932,26,'Gol (Gol de campo)',80,50),(4933,37,'Substitution',80,324),(4934,43,'Cartão Amarelo',80,49),(4935,46,'Substitution',80,325),(4936,56,'Gol (Gol de campo)',80,45),(4937,58,'Substitution',80,327),(4938,70,'Gol anulado (Var)',80,303),(4939,72,'Cartão Amarelo',80,45),(4940,75,'Substitution',80,37),(4941,76,'Substitution',80,53),(4942,80,'Gol anulado (Var)',80,43),(4943,82,'Substitution',80,302),(4944,82,'Substitution',80,314),(4945,85,'Substitution',80,51),(4946,88,'Substitution',80,319),(4947,90,'Substitution',80,59),(4948,90,'Substitution',80,61),(4949,90,'Cartão Amarelo',80,302),(4950,13,'Cartão Amarelo',71,654),(4951,15,'Gol (Gol de campo)',71,280),(4952,21,'Cartão Amarelo',71,283),(4953,25,'Cartão Amarelo',71,272),(4954,34,'Cartão Vermelho (Second Yellow Card)',71,272),(4955,46,'Substitution',71,725),(4956,51,'Cartão Amarelo',71,280),(4957,55,'Substitution',71,664),(4958,55,'Substitution',71,289),(4959,55,'Substitution',71,800),(4960,56,'Cartão Amarelo',71,651),(4961,62,'Gol (Gol de campo)',71,280),(4962,66,'Gol (Gol Contra)',71,285),(4963,70,'Substitution',71,801),(4964,70,'Substitution',71,784),(4965,70,'Substitution',71,296),(4966,71,'Substitution',71,653),(4967,76,'Substitution',71,802),(4968,80,'Cartão Amarelo',71,789),(4969,90,'Gol (Pênalti)',71,650),(4970,90,'Cartão Amarelo',71,660),(4971,28,'Cartão Amarelo',72,349),(4972,34,'Gol (Gol de campo)',72,442),(4973,40,'Cartão Amarelo',72,346),(4974,42,'Gol (Gol de campo)',72,346),(4975,45,'Cartão Amarelo',72,467),(4976,46,'Substitution',72,361),(4977,46,'Substitution',72,362),(4978,56,'Substitution',72,443),(4979,56,'Substitution',72,796),(4980,64,'Substitution',72,750),(4981,65,'Substitution',72,792),(4982,69,'Cartão Amarelo',72,355),(4983,77,'Cartão Amarelo',72,461),(4984,78,'Substitution',72,463),(4985,78,'Substitution',72,462),(4986,80,'Cartão Amarelo',72,361),(4987,84,'Substitution',72,343),(4988,87,'Substitution',72,755),(4989,88,'Cartão Amarelo',72,440),(4990,11,'Cartão Amarelo',73,499),(4991,15,'Cartão Amarelo',73,11),(4992,24,'Woodwork',73,20),(4993,28,'Woodwork',73,500),(4994,45,'Cartão Amarelo',73,15),(4995,45,'Cartão Amarelo',73,474),(4996,63,'Substitution',73,477),(4997,63,'Substitution',73,679),(4998,66,'Gol (Gol de campo)',73,2),(4999,71,'Substitution',73,10),(5000,74,'Cartão Amarelo',73,734),(5001,74,'Cartão Amarelo',73,681),(5002,79,'Substitution',73,737),(5003,79,'Substitution',73,712),(5004,82,'Substitution',73,781),(5005,84,'Substitution',73,506),(5006,87,'Substitution',73,766),(5007,15,'Cartão Amarelo',74,609),(5008,21,'Cartão Amarelo',74,617),(5009,25,'Gol (Gol de campo)',74,545),(5010,33,'Cartão Amarelo',74,545),(5011,42,'Gol (Gol de campo)',74,620),(5012,44,'Gol (Gol de campo)',74,621),(5013,46,'Substitution',74,544),(5014,46,'Substitution',74,566),(5015,46,'Cartão Amarelo',74,562),(5016,48,'Substitution',74,613),(5017,51,'Cartão Amarelo',74,610),(5018,65,'Substitution',74,763),(5019,69,'Gol anulado (Var)',74,631),(5020,70,'Substitution',74,616),(5021,71,'Substitution',74,628),(5022,77,'Substitution',74,573),(5023,81,'Substitution',74,570),(5024,81,'Cartão Amarelo',74,548),(5025,85,'Cartão Amarelo',74,625),(5026,87,'Substitution',74,547),(5027,89,'Cartão Amarelo',74,616),(5028,90,'Cartão Vermelho',74,544),(5029,90,'Cartão Amarelo',74,566),(5030,90,'Cartão Amarelo',74,559),(5031,90,'Cartão Vermelho (Second Yellow Card)',74,610),(5032,16,'Gol (Gol de campo)',58,587),(5033,23,'Gol (Gol de campo)',58,578),(5034,31,'Cartão Amarelo',58,588),(5035,35,'Gol (Gol de campo)',58,578),(5036,44,'Substitution',58,510),(5037,44,'Substitution',58,527),(5038,44,'Substitution',58,533),(5039,46,'Gol (Gol de campo)',58,591),(5040,63,'Gol (Gol de campo)',58,523),(5041,65,'Gol (Gol de campo)',58,517),(5042,66,'Substitution',58,525),(5043,69,'Substitution',58,584),(5044,69,'Substitution',58,593),(5045,70,'Substitution',58,598),(5046,70,'Cartão Amarelo',58,733),(5047,73,'Cartão Amarelo',58,512),(5048,76,'Cartão Amarelo',58,577),(5049,77,'Cartão Amarelo',58,533),(5050,79,'Cartão Vermelho',58,525),(5051,86,'Substitution',58,540),(5052,86,'Cartão Amarelo',58,584),(5053,86,'Cartão Amarelo',58,517),(5054,88,'Cartão Amarelo',58,521),(5055,89,'Substitution',58,582),(5056,90,'Cartão Amarelo',58,598),(5057,90,'Gol (Gol de campo)',58,589),(5058,90,'Cartão Amarelo',58,574),(5059,90,'Substitution',58,768),(5060,90,'Cartão Amarelo',58,582),(5061,3,'Cartão Amarelo',48,440),(5062,10,'Cartão Amarelo',48,651),(5063,38,'Gol (Gol de campo)',48,461),(5064,46,'Substitution',48,442),(5065,46,'Substitution',48,696),(5066,46,'Substitution',48,725),(5067,46,'Cartão Amarelo',48,665),(5068,50,'Cartão Amarelo',48,657),(5069,63,'Substitution',48,443),(5070,63,'Substitution',48,796),(5071,64,'Cartão Amarelo',48,647),(5072,71,'Substitution',48,449),(5073,73,'Substitution',48,801),(5074,73,'Substitution',48,759),(5075,74,'Substitution',48,454),(5076,90,'Cartão Amarelo',48,452),(5077,90,'Cartão Vermelho (Second Yellow Card)',48,452),(5078,90,'Substitution',48,640),(5079,7,'Cartão Amarelo',20,354),(5080,11,'Cartão Amarelo',20,349),(5081,16,'Cartão Amarelo',20,581),(5082,23,'Cartão Amarelo',20,594),(5083,35,'Woodwork',20,587),(5084,46,'Substitution',20,588),(5085,58,'Substitution',20,590),(5086,60,'Substitution',20,750),(5087,60,'Substitution',20,363),(5088,64,'Substitution',20,361),(5089,68,'Substitution',20,574),(5090,68,'Substitution',20,598),(5091,71,'Substitution',20,792),(5092,71,'Substitution',20,343),(5093,77,'Cartão Amarelo',20,792),(5094,80,'Cartão Amarelo',20,353),(5095,86,'Cartão Amarelo',20,579),(5096,89,'Substitution',20,582),(5097,16,'Cartão Amarelo',66,612),(5098,45,'Cartão Amarelo',66,252),(5099,57,'Substitution',66,255),(5100,61,'Cartão Amarelo',66,264),(5101,62,'Gol (Gol de campo)',66,604),(5102,65,'Substitution',66,249),(5103,65,'Substitution',66,749),(5104,65,'Substitution',66,261),(5105,70,'Gol (Gol de campo)',66,255),(5106,74,'Substitution',66,605),(5107,74,'Substitution',66,763),(5108,77,'Cartão Amarelo',66,614),(5109,80,'Cartão Amarelo',66,261),(5110,83,'Substitution',66,262),(5111,84,'Cartão Amarelo',66,763),(5112,89,'Substitution',66,607),(5113,89,'Substitution',66,631),(5114,90,'Cartão Amarelo',66,610),(5115,90,'Cartão Amarelo',66,622),(5116,90,'Cartão Amarelo',66,617),(5117,90,'Cartão Amarelo',66,749),(5118,9,'Gol (Gol de campo)',67,303),(5119,28,'Gol (Gol de campo)',67,106),(5120,33,'Gol (Gol de campo)',67,117),(5121,40,'Substitution',67,110),(5122,43,'Gol (Gol de campo)',67,102),(5123,45,'Cartão Vermelho',67,321),(5124,46,'Substitution',67,315),(5125,52,'Gol (Gol de campo)',67,108),(5126,59,'Substitution',67,314),(5127,59,'Substitution',67,714),(5128,59,'Substitution',67,736),(5129,59,'Cartão Amarelo',67,303),(5130,69,'Substitution',67,112),(5131,71,'Cartão Amarelo',67,714),(5132,74,'Gol (Gol de campo)',67,112),(5133,80,'Substitution',67,103),(5134,80,'Substitution',67,116),(5135,80,'Substitution',67,126),(5136,84,'Substitution',67,302),(5137,89,'Gol (Gol de campo)',67,103),(5138,19,'Cartão Amarelo',68,523),(5139,33,'Cartão Amarelo',68,515),(5140,46,'Substitution',68,55),(5141,46,'Substitution',68,803),(5142,62,'Cartão Amarelo',68,530),(5143,63,'Woodwork',68,55),(5144,64,'Cartão Amarelo',68,521),(5145,67,'Gol (Pênalti)',68,44),(5146,68,'Gol (Gol de campo)',68,523),(5147,70,'Substitution',68,522),(5148,70,'Substitution',68,533),(5149,72,'Substitution',68,43),(5150,72,'Woodwork',68,513),(5151,74,'Substitution',68,510),(5152,74,'Substitution',68,527),(5153,76,'Substitution',68,53),(5154,82,'Substitution',68,51),(5155,87,'Substitution',68,511),(5156,88,'Cartão Amarelo',68,514),(5157,90,'Gol (Gol de campo)',68,55),(5158,90,'Cartão Amarelo',68,533),(5159,90,'Cartão Amarelo',68,53),(5160,90,'Cartão Amarelo',68,43),(5161,90,'Cartão Amarelo',68,511),(5162,90,'Cartão Amarelo',68,44),(5163,5,'Gol (Gol de campo)',69,165),(5164,13,'Cartão Amarelo',69,219),(5165,38,'Cartão Vermelho',69,215),(5166,44,'Substitution',69,173),(5167,45,'Woodwork',69,732),(5168,45,'Cartão Amarelo',69,176),(5169,46,'Substitution',69,163),(5170,46,'Substitution',69,753),(5171,46,'Substitution',69,231),(5172,48,'Gol (Gol de campo)',69,169),(5173,54,'Substitution',69,205),(5174,54,'Substitution',69,793),(5175,63,'Cartão Amarelo',69,231),(5176,69,'Substitution',69,235),(5177,75,'Substitution',69,182),(5178,80,'Cartão Amarelo',69,166),(5179,81,'Substitution',69,735),(5180,83,'Substitution',69,193),(5181,19,'Cartão Amarelo',70,432),(5182,42,'Cartão Amarelo',70,91),(5183,43,'Cartão Amarelo',70,87),(5184,45,'Gol (Gol de campo)',70,80),(5185,46,'Substitution',70,415),(5186,46,'Substitution',70,419),(5187,47,'Cartão Amarelo',70,410),(5188,49,'Cartão Amarelo',70,425),(5189,62,'Substitution',70,73),(5190,62,'Substitution',70,83),(5191,66,'Substitution',70,427),(5192,66,'Substitution',70,436),(5193,69,'Cartão Amarelo',70,436),(5194,78,'Substitution',70,76),(5195,79,'Substitution',70,94),(5196,81,'Substitution',70,418),(5197,85,'Substitution',70,88),(5198,90,'Cartão Amarelo',70,82),(5199,3,'Gol (Gol de campo)',61,554),(5200,19,'Cartão Amarelo',61,394),(5201,23,'Cartão Amarelo',61,370),(5202,44,'Woodwork',61,370),(5203,50,'Cartão Amarelo',61,707),(5204,53,'Substitution',61,559),(5205,53,'Substitution',61,566),(5206,60,'Gol (Pênalti)',61,555),(5207,61,'Substitution',61,381),(5208,61,'Substitution',61,382),(5209,62,'Cartão Amarelo',61,387),(5210,69,'Substitution',61,385),(5211,69,'Substitution',61,740),(5212,69,'Substitution',61,549),(5213,76,'Substitution',61,556),(5214,76,'Substitution',61,570),(5215,78,'Woodwork',61,556),(5216,85,'Substitution',61,711),(5217,85,'Cartão Amarelo',61,556),(5218,89,'Cartão Amarelo',61,566),(5219,24,'Cartão Amarelo',62,650),(5220,29,'Cartão Amarelo',62,353),(5221,33,'Cartão Amarelo',62,666),(5222,39,'Cartão Vermelho',62,339),(5223,40,'Substitution',62,358),(5224,42,'Gol (Gol de campo)',62,784),(5225,46,'Substitution',62,729),(5226,46,'Substitution',62,801),(5227,49,'Cartão Amarelo',62,757),(5228,59,'Substitution',62,349),(5229,60,'Substitution',62,750),(5230,64,'Substitution',62,730),(5231,67,'Substitution',62,640),(5232,67,'Substitution',62,696),(5233,69,'Gol (Gol de campo)',62,654),(5234,75,'Substitution',62,658),(5235,83,'Cartão Vermelho (Second Yellow Card)',62,757),(5236,19,'Cartão Amarelo',64,141),(5237,40,'Cartão Amarelo',64,578),(5238,46,'Substitution',64,765),(5239,46,'Substitution',64,134),(5240,50,'Cartão Amarelo',64,596),(5241,59,'Substitution',64,593),(5242,69,'Gol (Gol de campo)',64,756),(5243,70,'Substitution',64,574),(5244,70,'Substitution',64,594),(5245,70,'Substitution',64,598),(5246,77,'Cartão Amarelo',64,589),(5247,77,'Cartão Amarelo',64,140),(5248,82,'Cartão Amarelo',64,593),(5249,85,'Substitution',64,768),(5250,87,'Substitution',64,687),(5251,90,'Substitution',64,135),(5252,90,'Substitution',64,137),(5253,90,'Cartão Amarelo',64,139),(5254,90,'Cartão Amarelo',64,134),(5255,8,'Woodwork',63,441),(5256,28,'Substitution',63,483),(5257,42,'Gol (Pênalti)',63,681),(5258,45,'Cartão Amarelo',63,474),(5259,65,'Cartão Amarelo',63,499),(5260,67,'Gol (Gol de campo)',63,440),(5261,70,'Substitution',63,443),(5262,71,'Substitution',63,498),(5263,71,'Substitution',63,462),(5264,74,'Substitution',63,778),(5265,76,'Cartão Amarelo',63,778),(5266,78,'Substitution',63,455),(5267,78,'Substitution',63,796),(5268,81,'Substitution',63,477),(5269,81,'Substitution',63,475),(5270,82,'Cartão Amarelo',63,453),(5271,84,'Cartão Vermelho (Second Yellow Card)',63,778),(5272,90,'Cartão Amarelo',63,440),(5273,29,'Cartão Amarelo',65,26),(5274,34,'Cartão Amarelo',65,709),(5275,40,'Cartão Amarelo',65,276),(5276,59,'Gol (Gol de campo)',65,20),(5277,61,'Substitution',65,772),(5278,64,'Substitution',65,10),(5279,64,'Cartão Amarelo',65,10),(5280,69,'Substitution',65,268),(5281,71,'Cartão Amarelo',65,7),(5282,75,'Substitution',65,11),(5283,75,'Substitution',65,19),(5284,79,'Cartão Amarelo',65,14),(5285,84,'Substitution',65,802),(5286,86,'Woodwork',65,280),(5287,88,'Substitution',65,30),(5288,88,'Substitution',65,781),(5289,9,'Cartão Amarelo',57,190),(5290,23,'Cartão Amarelo',57,489),(5291,24,'Cartão Amarelo',57,473),(5292,28,'Gol (Gol Contra)',57,184),(5293,32,'Gol (Gol de campo)',57,191),(5294,34,'Cartão Amarelo',57,166),(5295,45,'Cartão Amarelo',57,167),(5296,45,'Cartão Vermelho',57,776),(5297,46,'Substitution',57,498),(5298,46,'Substitution',57,507),(5299,56,'Cartão Amarelo',57,712),(5300,59,'Cartão Amarelo',57,184),(5301,61,'Substitution',57,177),(5302,61,'Substitution',57,180),(5303,61,'Substitution',57,198),(5304,71,'Gol anulado (Var)',57,167),(5305,79,'Substitution',57,188),(5306,79,'Substitution',57,487),(5307,79,'Substitution',57,491),(5308,84,'Gol (Gol de campo)',57,170),(5309,85,'Substitution',57,681),(5310,90,'Woodwork',57,681),(5311,90,'Substitution',57,192),(5312,90,'Cartão Amarelo',57,177),(5313,26,'Cartão Amarelo',52,414),(5314,34,'Cartão Amarelo',52,37),(5315,45,'Pênalti Perdido',52,46),(5316,45,'Cartão Amarelo',52,804),(5317,45,'Gol (Gol de campo)',52,414),(5318,45,'Cartão Amarelo',52,426),(5319,46,'Cartão Amarelo',52,412),(5320,56,'Cartão Amarelo',52,422),(5321,58,'Substitution',52,55),(5322,58,'Substitution',52,59),(5323,58,'Substitution',52,410),(5324,58,'Substitution',52,436),(5325,59,'Gol (Gol Contra)',52,44),(5326,61,'Substitution',52,416),(5327,65,'Substitution',52,56),(5328,65,'Substitution',52,803),(5329,66,'Cartão Amarelo',52,59),(5330,67,'Cartão Vermelho (Second Yellow Card)',52,426),(5331,72,'Substitution',52,419),(5332,72,'Substitution',52,430),(5333,73,'Woodwork',52,56),(5334,75,'Gol anulado (Var)',52,416),(5335,80,'Cartão Amarelo',52,46),(5336,80,'Cartão Amarelo',52,407),(5337,82,'Substitution',52,65),(5338,1,'Cartão Amarelo',53,16),(5339,10,'Gol (Gol de campo)',53,83),(5340,24,'Cartão Amarelo',53,74),(5341,41,'Gol (Gol de campo)',53,7),(5342,49,'Cartão Amarelo',53,99),(5343,54,'Cartão Amarelo',53,10),(5344,57,'Substitution',53,17),(5345,57,'Substitution',53,20),(5346,57,'Substitution',53,739),(5347,60,'Cartão Amarelo',53,29),(5348,64,'Substitution',53,82),(5349,64,'Substitution',53,76),(5350,64,'Substitution',53,14),(5351,72,'Substitution',53,94),(5352,72,'Substitution',53,96),(5353,72,'Substitution',53,734),(5354,74,'Cartão Amarelo',53,34),(5355,81,'Cartão Amarelo',53,739),(5356,83,'Substitution',53,73),(5357,88,'Cartão Amarelo',53,13),(5358,90,'Cartão Amarelo',53,77),(5359,90,'Cartão Amarelo',53,76),(5360,56,'Cartão Amarelo',54,211),(5361,63,'Substitution',54,717),(5362,63,'Cartão Amarelo',54,645),(5363,66,'Substitution',54,235),(5364,66,'Cartão Amarelo',54,212),(5365,67,'Substitution',54,805),(5366,72,'Substitution',54,801),(5367,72,'Substitution',54,696),(5368,73,'Woodwork',54,805),(5369,79,'Substitution',54,224),(5370,81,'Gol (Gol de campo)',54,212),(5371,83,'Substitution',54,784),(5372,90,'Substitution',54,205),(5373,90,'Substitution',54,806),(5374,15,'Cartão Amarelo',55,250),(5375,20,'Cartão Amarelo',55,545),(5376,37,'Gol (Gol de campo)',55,252),(5377,46,'Substitution',55,554),(5378,46,'Substitution',55,567),(5379,53,'Cartão Amarelo',55,252),(5380,57,'Substitution',55,553),(5381,59,'Cartão Amarelo',55,557),(5382,64,'Substitution',55,547),(5383,69,'Substitution',55,261),(5384,77,'Substitution',55,249),(5385,77,'Substitution',55,257),(5386,77,'Substitution',55,262),(5387,77,'Substitution',55,770),(5388,85,'Substitution',55,255),(5389,90,'Cartão Amarelo',55,567),(5390,27,'Cartão Amarelo',56,305),(5391,46,'Substitution',56,325),(5392,46,'Substitution',56,807),(5393,50,'Gol (Gol de campo)',56,305),(5394,56,'Gol (Gol de campo)',56,303),(5395,57,'Cartão Amarelo',56,324),(5396,57,'Cartão Amarelo',56,757),(5397,58,'Substitution',56,729),(5398,59,'Cartão Amarelo',56,729),(5399,65,'Cartão Amarelo',56,308),(5400,66,'Substitution',56,343),(5401,66,'Substitution',56,362),(5402,67,'Substitution',56,736),(5403,73,'Woodwork',56,729),(5404,79,'Substitution',56,792),(5405,80,'Substitution',56,314),(5406,80,'Substitution',56,326),(5407,84,'Cartão Amarelo',56,313),(5408,89,'Gol (Gol de campo)',56,729),(5409,90,'Cartão Vermelho',56,350),(5410,90,'Cartão Amarelo',56,736),(5411,90,'Substitution',56,317),(5412,6,'Woodwork',51,113),(5413,20,'Gol (Gol de campo)',51,117),(5414,45,'Cartão Amarelo',51,268),(5415,46,'Substitution',51,103),(5416,46,'Substitution',51,280),(5417,63,'Gol (Gol de campo)',51,131),(5418,68,'Cartão Amarelo',51,104),(5419,75,'Substitution',51,278),(5420,75,'Substitution',51,772),(5421,82,'Substitution',51,295),(5422,82,'Substitution',51,713),(5423,88,'Substitution',51,121),(5424,88,'Substitution',51,116),(5425,90,'Substitution',51,705),(5426,0,'Cartão Amarelo',60,615),(5427,0,'Cartão Amarelo',60,808),(5428,0,'Cartão Amarelo',60,379),(5429,0,'Cartão Amarelo',60,611),(5430,0,'Cartão Amarelo',60,623),(5431,0,'Gol anulado (Var)',60,809),(5432,10,'Substitution',45,419),(5433,11,'Woodwork',45,421),(5434,16,'Cartão Vermelho',45,319),(5435,18,'Woodwork',45,414),(5436,23,'Substitution',45,321),(5437,26,'Gol (Gol de campo)',45,421),(5438,47,'Woodwork',45,427),(5439,58,'Cartão Amarelo',45,407),(5440,59,'Substitution',45,410),(5441,59,'Substitution',45,411),(5442,69,'Substitution',45,418),(5443,69,'Substitution',45,783),(5444,73,'Substitution',45,702),(5445,74,'Substitution',45,324),(5446,86,'Substitution',45,325),(5447,86,'Substitution',45,794),(5448,7,'Cartão Vermelho',44,354),(5449,13,'Substitution',44,730),(5450,14,'Cartão Amarelo',44,191),(5451,25,'Cartão Amarelo',44,336),(5452,30,'Substitution',44,180),(5453,36,'Cartão Amarelo',44,180),(5454,36,'Cartão Amarelo',44,176),(5455,40,'Woodwork',44,184),(5456,45,'Gol (Gol de campo)',44,167),(5457,46,'Substitution',44,810),(5458,46,'Substitution',44,358),(5459,49,'Gol (Gol de campo)',44,346),(5460,53,'Gol (Gol de campo)',44,167),(5461,60,'Cartão Amarelo',44,358),(5462,67,'Substitution',44,727),(5463,67,'Substitution',44,177),(5464,68,'Substitution',44,173),(5465,68,'Substitution',44,198),(5466,69,'Substitution',44,792),(5467,82,'Cartão Amarelo',44,182),(5468,84,'Gol (Gol de campo)',44,173),(5469,86,'Substitution',44,193),(5470,87,'Cartão Amarelo',44,757),(5471,36,'Cartão Amarelo',46,250),(5472,45,'Gol (Pênalti)',46,242),(5473,46,'Substitution',46,34),(5474,57,'Substitution',46,10),(5475,58,'Substitution',46,255),(5476,58,'Substitution',46,262),(5477,63,'Gol (Gol de campo)',46,32),(5478,72,'Substitution',46,19),(5479,72,'Substitution',46,739),(5480,72,'Substitution',46,249),(5481,77,'Substitution',46,261),(5482,77,'Cartão Amarelo',46,262),(5483,78,'Substitution',46,257),(5484,82,'Substitution',46,13),(5485,82,'Cartão Amarelo',46,2),(5486,86,'Gol (Gol de campo)',46,257),(5487,90,'Cartão Amarelo',46,13),(5488,43,'Cartão Amarelo',47,590),(5489,45,'Gol (Gol de campo)',47,55),(5490,50,'Cartão Amarelo',47,47),(5491,58,'Substitution',47,56),(5492,58,'Substitution',47,65),(5493,58,'Substitution',47,67),(5494,62,'Substitution',47,785),(5495,70,'Substitution',47,582),(5496,71,'Substitution',47,575),(5497,71,'Gol (Pênalti)',47,67),(5498,75,'Cartão Amarelo',47,51),(5499,82,'Substitution',47,43),(5500,82,'Substitution',47,61),(5501,83,'Substitution',47,574),(5502,83,'Substitution',47,578),(5503,90,'Cartão Amarelo',47,43),(5504,90,'Cartão Amarelo',47,588),(5505,4,'Gol (Gol de campo)',41,479),(5506,12,'Cartão Amarelo',41,475),(5507,20,'Cartão Amarelo',41,490),(5508,31,'Cartão Amarelo',41,479),(5509,43,'Cartão Amarelo',41,478),(5510,45,'Cartão Amarelo',41,474),(5511,46,'Substitution',41,634),(5512,51,'Cartão Amarelo',41,621),(5513,60,'Substitution',41,477),(5514,60,'Substitution',41,712),(5515,60,'Substitution',41,507),(5516,61,'Gol (Gol de campo)',41,477),(5517,72,'Substitution',41,487),(5518,73,'Substitution',41,605),(5519,73,'Substitution',41,624),(5520,73,'Gol (Gol de campo)',41,605),(5521,79,'Gol (Gol de campo)',41,605),(5522,84,'Substitution',41,633),(5523,90,'Substitution',41,631),(5524,90,'Substitution',41,506),(5525,10,'Cartão Amarelo',42,566),(5526,17,'Cartão Amarelo',42,811),(5527,30,'Gol (Gol de campo)',42,546),(5528,33,'Cartão Amarelo',42,118),(5529,37,'Substitution',42,116),(5530,49,'Woodwork',42,119),(5531,52,'Woodwork',42,554),(5532,62,'Substitution',42,547),(5533,62,'Substitution',42,557),(5534,74,'Substitution',42,545),(5535,74,'Substitution',42,698),(5536,75,'Substitution',42,120),(5537,75,'Substitution',42,131),(5538,79,'Gol (Gol de campo)',42,112),(5539,81,'Substitution',42,562),(5540,90,'Cartão Amarelo',42,562),(5541,23,'Cartão Amarelo',43,89),(5542,41,'Cartão Amarelo',43,84),(5543,45,'Cartão Amarelo',43,294),(5544,46,'Substitution',43,281),(5545,52,'Woodwork',43,284),(5546,64,'Cartão Amarelo',43,77),(5547,65,'Substitution',43,76),(5548,65,'Substitution',43,94),(5549,71,'Cartão Amarelo',43,82),(5550,72,'Substitution',43,286),(5551,72,'Cartão Amarelo',43,91),(5552,75,'Substitution',43,78),(5553,79,'Substitution',43,296),(5554,80,'Substitution',43,812),(5555,80,'Substitution',43,802),(5556,85,'Substitution',43,73),(5557,85,'Substitution',43,96),(5558,90,'Cartão Amarelo',43,78),(5559,29,'Cartão Amarelo',40,753),(5560,40,'Cartão Amarelo',40,44),(5561,43,'Cartão Amarelo',40,184),(5562,45,'Cartão Amarelo',40,804),(5563,55,'Substitution',40,182),(5564,55,'Substitution',40,55),(5565,59,'Cartão Amarelo',40,47),(5566,59,'Cartão Amarelo',40,169),(5567,61,'Substitution',40,188),(5568,66,'Substitution',40,45),(5569,66,'Substitution',40,803),(5570,67,'Woodwork',40,169),(5571,69,'Cartão Amarelo',40,182),(5572,73,'Substitution',40,37),(5573,73,'Substitution',40,60),(5574,85,'Substitution',40,813),(5575,90,'Cartão Amarelo',40,49),(5576,15,'Cartão Amarelo',34,17),(5577,43,'Cartão Amarelo',34,7),(5578,46,'Substitution',34,118),(5579,53,'Gol (Gol de campo)',34,26),(5580,57,'Cartão Amarelo',34,26),(5581,59,'Cartão Amarelo',34,119),(5582,60,'Substitution',34,15),(5583,60,'Substitution',34,32),(5584,66,'Substitution',34,109),(5585,66,'Substitution',34,126),(5586,68,'Substitution',34,19),(5587,68,'Substitution',34,739),(5588,70,'Substitution',34,131),(5589,72,'Substitution',34,13),(5590,79,'Cartão Amarelo',34,32),(5591,84,'Substitution',34,120),(5592,90,'Gol (Gol de campo)',34,17),(5593,8,'Substitution',36,772),(5594,30,'Cartão Amarelo',36,491),(5595,36,'Cartão Amarelo',36,500),(5596,36,'Cartão Amarelo',36,709),(5597,38,'Woodwork',36,276),(5598,39,'Cartão Amarelo',36,283),(5599,40,'Gol (Gol de campo)',36,709),(5600,42,'Cartão Amarelo',36,772),(5601,44,'Cartão Amarelo',36,297),(5602,45,'Gol (Gol de campo)',36,709),(5603,46,'Substitution',36,737),(5604,46,'Substitution',36,507),(5605,47,'Gol (Gol de campo)',36,285),(5606,60,'Substitution',36,477),(5607,64,'Woodwork',36,266),(5608,69,'Substitution',36,487),(5609,73,'Substitution',36,812),(5610,73,'Substitution',36,281),(5611,73,'Substitution',36,288),(5612,85,'Substitution',36,475),(5613,90,'Substitution',36,713),(5614,46,'Substitution',35,219),(5615,50,'Gol (Gol de campo)',35,212),(5616,52,'Gol (Gol Contra)',35,208),(5617,58,'Gol (Gol de campo)',35,217),(5618,62,'Substitution',35,343),(5619,62,'Substitution',35,361),(5620,62,'Substitution',35,363),(5621,68,'Substitution',35,213),(5622,74,'Substitution',35,814),(5623,75,'Gol (Gol de campo)',35,699),(5624,78,'Cartão Amarelo',35,214),(5625,82,'Substitution',35,805),(5626,82,'Substitution',35,793),(5627,84,'Substitution',35,727),(5628,90,'Substitution',35,745),(5629,90,'Cartão Amarelo',35,805),(5630,9,'Gol (Gol de campo)',37,97),(5631,16,'Cartão Amarelo',37,548),(5632,40,'Gol (Gol de campo)',37,544),(5633,46,'Substitution',37,559),(5634,58,'Cartão Amarelo',37,91),(5635,59,'Substitution',37,88),(5636,59,'Substitution',37,94),(5637,64,'Substitution',37,547),(5638,70,'Substitution',37,99),(5639,71,'Substitution',37,96),(5640,76,'Substitution',37,771),(5641,76,'Substitution',37,562),(5642,77,'Substitution',37,552),(5643,84,'Substitution',37,82),(5644,8,'Gol (Gol de campo)',38,450),(5645,46,'Substitution',38,419),(5646,49,'Cartão Amarelo',38,467),(5647,54,'Woodwork',38,421),(5648,62,'Substitution',38,815),(5649,63,'Substitution',38,411),(5650,63,'Cartão Amarelo',38,461),(5651,68,'Substitution',38,410),(5652,68,'Substitution',38,427),(5653,73,'Gol (Gol de campo)',38,411),(5654,74,'Substitution',38,796),(5655,74,'Substitution',38,778),(5656,76,'Cartão Amarelo',38,419),(5657,81,'Substitution',38,462),(5658,81,'Substitution',38,418),(5659,90,'Cartão Amarelo',38,816),(5660,46,'Substitution',39,661),(5661,50,'Gol (Gol de campo)',39,661),(5662,55,'Gol (Gol de campo)',39,141),(5663,60,'Cartão Amarelo',39,652),(5664,64,'Substitution',39,142),(5665,64,'Substitution',39,160),(5666,80,'Substitution',39,135),(5667,80,'Substitution',39,722),(5668,85,'Cartão Amarelo',39,658),(5669,88,'Cartão Amarelo',39,657),(5670,90,'Substitution',39,664),(5671,90,'Substitution',39,725),(5672,90,'Cartão Amarelo',39,661),(5673,32,'Gol (Gol de campo)',31,529),(5674,37,'Woodwork',31,301),(5675,43,'Pênalti Perdido',31,303),(5676,45,'Cartão Amarelo',31,320),(5677,45,'Woodwork',31,521),(5678,46,'Substitution',31,308),(5679,46,'Substitution',31,305),(5680,47,'Gol (Gol de campo)',31,529),(5681,55,'Gol (Gol de campo)',31,513),(5682,56,'Substitution',31,325),(5683,56,'Substitution',31,794),(5684,60,'Substitution',31,733),(5685,61,'Substitution',31,522),(5686,67,'Substitution',31,520),(5687,69,'Gol (Gol de campo)',31,530),(5688,71,'Substitution',31,326),(5689,76,'Substitution',31,817),(5690,76,'Substitution',31,540),(5691,3,'Cartão Amarelo',32,616),(5692,28,'Gol (Gol de campo)',32,605),(5693,37,'Cartão Amarelo',32,622),(5694,45,'Gol anulado (Var)',32,605),(5695,45,'Cartão Amarelo',32,596),(5696,46,'Substitution',32,768),(5697,46,'Substitution',32,593),(5698,46,'Substitution',32,613),(5699,56,'Substitution',32,580),(5700,58,'Cartão Amarelo',32,588),(5701,61,'Gol (Gol de campo)',32,614),(5702,64,'Cartão Amarelo',32,583),(5703,66,'Substitution',32,763),(5704,66,'Substitution',32,624),(5705,67,'Substitution',32,598),(5706,70,'Substitution',32,612),(5707,77,'Cartão Amarelo',32,579),(5708,78,'Gol (Pênalti)',32,621),(5709,79,'Substitution',32,582),(5710,79,'Substitution',32,607),(5711,81,'Cartão Amarelo',32,625),(5712,86,'Cartão Vermelho (Second Yellow Card)',32,625),(5713,88,'Cartão Amarelo',32,624),(5714,17,'Gol (Gol de campo)',33,242),(5715,24,'Woodwork',33,253),(5716,45,'Cartão Amarelo',33,378),(5717,46,'Substitution',33,381),(5718,46,'Substitution',33,707),(5719,46,'Substitution',33,403),(5720,47,'Cartão Amarelo',33,264),(5721,56,'Cartão Amarelo',33,240),(5722,64,'Substitution',33,261),(5723,67,'Cartão Amarelo',33,385),(5724,72,'Substitution',33,754),(5725,76,'Substitution',33,249),(5726,78,'Cartão Amarelo',33,707),(5727,79,'Substitution',33,711),(5728,80,'Substitution',33,255),(5729,81,'Substitution',33,257),(5730,81,'Substitution',33,262),(5731,90,'Cartão Amarelo',33,384),(5732,90,'Cartão Vermelho',33,368),(5733,90,'Cartão Vermelho',33,403),(5734,20,'Gol (Gol de campo)',25,352),(5735,23,'Cartão Amarelo',25,361),(5736,42,'Cartão Amarelo',25,352),(5737,46,'Substitution',25,810),(5738,48,'Cartão Amarelo',25,237),(5739,51,'Cartão Amarelo',25,245),(5740,57,'Gol (Gol de campo)',25,354),(5741,59,'Substitution',25,261),(5742,60,'Substitution',25,242),(5743,60,'Substitution',25,262),(5744,66,'Cartão Amarelo',25,807),(5745,69,'Woodwork',25,252),(5746,69,'Gol (Gol de campo)',25,261),(5747,71,'Woodwork',25,261),(5748,72,'Gol (Gol de campo)',25,242),(5749,73,'Substitution',25,792),(5750,73,'Substitution',25,729),(5751,74,'Substitution',25,353),(5752,78,'Substitution',25,348),(5753,82,'Substitution',25,249),(5754,82,'Substitution',25,749),(5755,90,'Cartão Amarelo',25,249),(5756,15,'Cartão Amarelo',26,118),(5757,21,'Cartão Amarelo',26,37),(5758,22,'Cartão Amarelo',26,798),(5759,35,'Cartão Amarelo',26,104),(5760,42,'Cartão Amarelo',26,47),(5761,45,'Cartão Amarelo',26,38),(5762,45,'Cartão Amarelo',26,112),(5763,46,'Substitution',26,117),(5764,59,'Substitution',26,109),(5765,60,'Substitution',26,45),(5766,69,'Cartão Amarelo',26,44),(5767,70,'Cartão Amarelo',26,110),(5768,71,'Substitution',26,40),(5769,71,'Substitution',26,51),(5770,76,'Substitution',26,119),(5771,77,'Substitution',26,55),(5772,77,'Substitution',26,67),(5773,77,'Cartão Amarelo',26,49),(5774,84,'Cartão Amarelo',26,45),(5775,8,'Cartão Amarelo',27,756),(5776,9,'Cartão Amarelo',27,412),(5777,29,'Cartão Amarelo',27,747),(5778,36,'Cartão Amarelo',27,152),(5779,42,'Substitution',27,160),(5780,45,'Cartão Amarelo',27,148),(5781,46,'Substitution',27,425),(5782,46,'Substitution',27,427),(5783,61,'Substitution',27,143),(5784,62,'Substitution',27,720),(5785,71,'Gol (Gol de campo)',27,416),(5786,77,'Substitution',27,156),(5787,78,'Substitution',27,150),(5788,79,'Cartão Amarelo',27,407),(5789,82,'Cartão Amarelo',27,408),(5790,83,'Substitution',27,410),(5791,83,'Substitution',27,418),(5792,86,'Cartão Amarelo',27,149),(5793,87,'Cartão Amarelo',27,149),(5794,87,'Cartão Vermelho (Second Yellow Card)',27,416),(5795,90,'Substitution',27,432),(5796,90,'Woodwork',27,141),(5797,4,'Gol (Gol de campo)',28,20),(5798,8,'Cartão Amarelo',28,458),(5799,9,'Gol (Pênalti)',28,11),(5800,18,'Cartão Amarelo',28,463),(5801,35,'Cartão Amarelo',28,32),(5802,38,'Cartão Amarelo',28,439),(5803,38,'Cartão Vermelho (Second Yellow Card)',28,458),(5804,43,'Substitution',28,442),(5805,46,'Substitution',28,734),(5806,46,'Substitution',28,739),(5807,46,'Substitution',28,457),(5808,46,'Substitution',28,755),(5809,53,'Gol (Gol de campo)',28,7),(5810,61,'Gol (Gol de campo)',28,17),(5811,62,'Substitution',28,5),(5812,62,'Substitution',28,9),(5813,65,'Substitution',28,449),(5814,72,'Substitution',28,818),(5815,77,'Cartão Amarelo',28,14),(5816,80,'Gol (Gol de campo)',28,818),(5817,83,'Substitution',28,706),(5818,85,'Gol (Gol de campo)',28,459),(5819,90,'Cartão Amarelo',28,739),(5820,14,'Gol (Gol de campo)',29,169),(5821,33,'Cartão Amarelo',29,654),(5822,39,'Cartão Amarelo',29,658),(5823,46,'Substitution',29,819),(5824,46,'Substitution',29,657),(5825,47,'Cartão Amarelo',29,819),(5826,51,'Cartão Vermelho',29,644),(5827,52,'Gol (Pênalti)',29,167),(5828,54,'Substitution',29,716),(5829,54,'Substitution',29,725),(5830,63,'Cartão Vermelho (Second Yellow Card)',29,819),(5831,72,'Substitution',29,188),(5832,72,'Substitution',29,190),(5833,76,'Gol (Gol de campo)',29,188),(5834,81,'Substitution',29,182),(5835,82,'Substitution',29,191),(5836,84,'Cartão Amarelo',29,645),(5837,88,'Substitution',29,180),(5838,89,'Substitution',29,647),(5839,7,'Cartão Amarelo',21,478),(5840,10,'Gol (Gol de campo)',21,474),(5841,27,'Cartão Amarelo',21,308),(5842,28,'Cartão Amarelo',21,474),(5843,28,'Cartão Amarelo',21,314),(5844,28,'Cartão Amarelo',21,326),(5845,46,'Substitution',21,481),(5846,46,'Substitution',21,319),(5847,46,'Substitution',21,702),(5848,46,'Substitution',21,327),(5849,53,'Gol (Gol de campo)',21,499),(5850,55,'Gol (Gol de campo)',21,303),(5851,66,'Cartão Amarelo',21,708),(5852,66,'Cartão Amarelo',21,303),(5853,68,'Cartão Amarelo',21,319),(5854,71,'Substitution',21,714),(5855,71,'Woodwork',21,500),(5856,74,'Substitution',21,489),(5857,77,'Cartão Amarelo',21,714),(5858,88,'Substitution',21,737),(5859,88,'Substitution',21,498),(5860,89,'Cartão Amarelo',21,489),(5861,90,'Substitution',21,794),(5862,12,'Cartão Amarelo',22,596),(5863,15,'Cartão Amarelo',22,584),(5864,21,'Substitution',22,597),(5865,42,'Cartão Amarelo',22,394),(5866,44,'Gol (Gol de campo)',22,381),(5867,54,'Substitution',22,370),(5868,66,'Substitution',22,582),(5869,67,'Substitution',22,590),(5870,69,'Substitution',22,740),(5871,70,'Substitution',22,403),(5872,70,'Substitution',22,580),(5873,78,'Cartão Amarelo',22,740),(5874,79,'Substitution',22,581),(5875,79,'Substitution',22,768),(5876,85,'Substitution',22,385),(5877,85,'Substitution',22,399),(5878,89,'Cartão Amarelo',22,403),(5879,90,'Substitution',22,396),(5880,90,'Cartão Amarelo',22,378),(5881,5,'Gol (Gol de campo)',23,556),(5882,27,'Cartão Amarelo',23,565),(5883,38,'Cartão Amarelo',23,544),(5884,40,'Cartão Amarelo',23,554),(5885,45,'Cartão Amarelo',23,267),(5886,58,'Substitution',23,268),(5887,61,'Substitution',23,549),(5888,61,'Substitution',23,567),(5889,69,'Substitution',23,280),(5890,69,'Substitution',23,709),(5891,71,'Cartão Amarelo',23,294),(5892,76,'Substitution',23,552),(5893,76,'Substitution',23,771),(5894,76,'Substitution',23,562),(5895,79,'Cartão Amarelo',23,567),(5896,83,'Substitution',23,812),(5897,84,'Substitution',23,297),(5898,25,'Gol (Gol de campo)',24,620),(5899,35,'Gol (Gol de campo)',24,621),(5900,45,'Gol (Gol de campo)',24,612),(5901,46,'Substitution',24,624),(5902,46,'Substitution',24,214),(5903,46,'Substitution',24,219),(5904,62,'Substitution',24,805),(5905,62,'Substitution',24,224),(5906,65,'Cartão Amarelo',24,228),(5907,68,'Cartão Amarelo',24,621),(5908,69,'Substitution',24,616),(5909,72,'Cartão Amarelo',24,208),(5910,77,'Substitution',24,605),(5911,77,'Substitution',24,633),(5912,77,'Substitution',24,213),(5913,83,'Substitution',24,613),(5914,89,'Cartão Amarelo',24,616),(5915,2,'Cartão Amarelo',19,640),(5916,15,'Cartão Amarelo',19,24),(5917,21,'Cartão Amarelo',19,644),(5918,25,'Substitution',19,11),(5919,30,'Cartão Amarelo',19,11),(5920,32,'Gol (Gol de campo)',19,29),(5921,43,'Cartão Amarelo',19,653),(5922,63,'Substitution',19,17),(5923,63,'Cartão Amarelo',19,657),(5924,64,'Substitution',19,10),(5925,64,'Substitution',19,784),(5926,64,'Substitution',19,717),(5927,79,'Substitution',19,661),(5928,80,'Substitution',19,7),(5929,80,'Substitution',19,766),(5930,90,'Cartão Amarelo',19,766),(5931,90,'Substitution',19,725),(5932,19,'Gol (Gol de campo)',12,381),(5933,31,'Substitution',12,783),(5934,33,'Cartão Amarelo',12,783),(5935,46,'Substitution',12,412),(5936,46,'Substitution',12,436),(5937,51,'Gol (Gol de campo)',12,382),(5938,55,'Substitution',12,707),(5939,59,'Cartão Amarelo',12,436),(5940,63,'Substitution',12,427),(5941,71,'Cartão Amarelo',12,707),(5942,71,'Cartão Amarelo',12,426),(5943,75,'Substitution',12,740),(5944,75,'Substitution',12,403),(5945,83,'Substitution',12,394),(5946,84,'Substitution',12,396),(5947,7,'Gol (Gol de campo)',13,771),(5948,9,'Cartão Amarelo',13,326),(5949,46,'Substitution',13,305),(5950,46,'Substitution',13,714),(5951,46,'Substitution',13,327),(5952,51,'Woodwork',13,303),(5953,55,'Substitution',13,557),(5954,55,'Substitution',13,562),(5955,62,'Substitution',13,554),(5956,62,'Substitution',13,556),(5957,63,'Gol (Gol de campo)',13,303),(5958,72,'Substitution',13,820),(5959,76,'Substitution',13,325),(5960,78,'Gol (Gol de campo)',13,556),(5961,80,'Substitution',13,794),(5962,88,'Cartão Amarelo',13,556),(5963,89,'Cartão Amarelo',13,555),(5964,10,'Substitution',14,612),(5965,37,'Cartão Amarelo',14,521),(5966,40,'Gol (Gol de campo)',14,614),(5967,45,'Cartão Amarelo',14,518),(5968,56,'Cartão Amarelo',14,612),(5969,66,'Substitution',14,620),(5970,66,'Substitution',14,510),(5971,79,'Substitution',14,523),(5972,79,'Substitution',14,769),(5973,80,'Substitution',14,605),(5974,80,'Substitution',14,631),(5975,80,'Substitution',14,633),(5976,82,'Cartão Amarelo',14,530),(5977,83,'Cartão Amarelo',14,622),(5978,84,'Gol (Gol de campo)',14,523),(5979,88,'Substitution',14,516),(5980,88,'Substitution',14,541),(5981,90,'Cartão Amarelo',14,524),(5982,21,'Pênalti Perdido',15,141),(5983,22,'Pênalti Perdido',15,141),(5984,43,'Cartão Amarelo',15,141),(5985,45,'Gol (Gol de campo)',15,149),(5986,53,'Cartão Amarelo',15,140),(5987,58,'Cartão Amarelo',15,59),(5988,59,'Cartão Amarelo',15,52),(5989,64,'Substitution',15,45),(5990,65,'Substitution',15,51),(5991,66,'Substitution',15,152),(5992,66,'Substitution',15,160),(5993,66,'Cartão Amarelo',15,149),(5994,73,'Substitution',15,40),(5995,74,'Substitution',15,67),(5996,78,'Substitution',15,747),(5997,80,'Substitution',15,65),(5998,81,'Cartão Amarelo',15,137),(5999,88,'Substitution',15,687),(6000,88,'Substitution',15,156),(6001,19,'Gol (Gol de campo)',16,99),(6002,38,'Woodwork',16,228),(6003,62,'Substitution',16,224),(6004,64,'Substitution',16,94),(6005,67,'Substitution',16,78),(6006,67,'Substitution',16,91),(6007,71,'Cartão Amarelo',16,207),(6008,73,'Substitution',16,213),(6009,73,'Substitution',16,805),(6010,73,'Substitution',16,219),(6011,79,'Substitution',16,75),(6012,80,'Substitution',16,79),(6013,80,'Substitution',16,735),(6014,83,'Cartão Amarelo',16,212),(6015,87,'Cartão Vermelho (Second Yellow Card)',16,207),(6016,88,'Cartão Amarelo',16,91),(6017,89,'Gol (Gol de campo)',16,213),(6018,90,'Cartão Amarelo',16,79),(6019,46,'Substitution',17,274),(6020,53,'Gol (Gol de campo)',17,444),(6021,57,'Substitution',17,286),(6022,58,'Substitution',17,772),(6023,59,'Gol (Gol de campo)',17,461),(6024,65,'Substitution',17,802),(6025,70,'Substitution',17,457),(6026,70,'Cartão Amarelo',17,467),(6027,74,'Substitution',17,812),(6028,79,'Substitution',17,442),(6029,82,'Cartão Amarelo',17,283),(6030,86,'Substitution',17,462),(6031,86,'Substitution',17,778),(6032,87,'Substitution',17,755),(6033,90,'Cartão Amarelo',17,440),(6034,90,'Cartão Vermelho (Second Yellow Card)',17,440),(6035,3,'Cartão Amarelo',18,184),(6036,13,'Substitution',18,116),(6037,20,'Gol (Gol de campo)',18,116),(6038,26,'Cartão Amarelo',18,115),(6039,40,'Cartão Amarelo',18,182),(6040,46,'Substitution',18,177),(6041,46,'Substitution',18,188),(6042,54,'Gol (Gol de campo)',18,119),(6043,57,'Substitution',18,193),(6044,76,'Substitution',18,705),(6045,77,'Substitution',18,109),(6046,79,'Gol (Gol de campo)',18,188),(6047,80,'Substitution',18,811),(6048,88,'Cartão Amarelo',18,167),(6049,90,'Substitution',18,732),(6050,4,'Gol (Gol de campo)',11,479),(6051,20,'Cartão Amarelo',11,258),(6052,34,'Gol (Gol de campo)',11,258),(6053,40,'Cartão Amarelo',11,252),(6054,47,'Cartão Amarelo',11,489),(6055,51,'Cartão Amarelo',11,499),(6056,53,'Substitution',11,498),(6057,54,'Cartão Amarelo',11,240),(6058,61,'Gol (Gol de campo)',11,253),(6059,67,'Substitution',11,737),(6060,67,'Substitution',11,712),(6061,70,'Cartão Amarelo',11,498),(6062,71,'Substitution',11,261),(6063,72,'Substitution',11,262),(6064,77,'Cartão Amarelo',11,712),(6065,79,'Substitution',11,679),(6066,79,'Substitution',11,506),(6067,83,'Substitution',11,249),(6068,83,'Substitution',11,242),(6069,88,'Cartão Amarelo',11,474),(6070,89,'Cartão Amarelo',11,242),(6071,90,'Substitution',11,244),(6072,14,'Substitution',5,398),(6073,17,'Cartão Amarelo',5,315),(6074,24,'Gol (Gol de campo)',5,313),(6075,37,'Gol (Gol de campo)',5,326),(6076,46,'Substitution',5,754),(6077,58,'Substitution',5,707),(6078,58,'Substitution',5,403),(6079,64,'Substitution',5,321),(6080,64,'Substitution',5,327),(6081,65,'Cartão Amarelo',5,324),(6082,68,'Gol (Gol de campo)',5,398),(6083,74,'Substitution',5,703),(6084,74,'Substitution',5,711),(6085,86,'Substitution',5,325),(6086,87,'Substitution',5,318),(6087,90,'Cartão Amarelo',5,754),(6088,90,'Cartão Amarelo',5,321),(6089,90,'Cartão Amarelo',5,320),(6090,1,'Cartão Amarelo',6,610),(6091,22,'Cartão Amarelo',6,808),(6092,28,'Cartão Amarelo',6,268),(6093,31,'Cartão Amarelo',6,294),(6094,31,'Cartão Amarelo',6,266),(6095,45,'Cartão Vermelho (Second Yellow Card)',6,610),(6096,45,'Cartão Amarelo',6,280),(6097,46,'Substitution',6,281),(6098,46,'Substitution',6,613),(6099,51,'Cartão Amarelo',6,604),(6100,64,'Cartão Amarelo',6,617),(6101,68,'Cartão Amarelo',6,609),(6102,69,'Substitution',6,622),(6103,72,'Substitution',6,812),(6104,72,'Substitution',6,274),(6105,76,'Substitution',6,278),(6106,80,'Substitution',6,286),(6107,82,'Substitution',6,614),(6108,82,'Cartão Amarelo',6,281),(6109,90,'Substitution',6,605),(6110,90,'Cartão Amarelo',6,284),(6111,90,'Cartão Amarelo',6,789),(6112,90,'Cartão Amarelo',6,821),(6113,90,'Cartão Amarelo',6,274),(6114,90,'Cartão Vermelho (Second Yellow Card)',6,821),(6115,23,'Gol (Gol de campo)',7,414),(6116,37,'Gol (Gol de campo)',7,416),(6117,39,'Gol (Gol de campo)',7,412),(6118,41,'Cartão Amarelo',7,590),(6119,45,'Cartão Amarelo',7,583),(6120,62,'Substitution',7,574),(6121,62,'Substitution',7,582),(6122,62,'Substitution',7,591),(6123,73,'Substitution',7,418),(6124,73,'Substitution',7,783),(6125,73,'Substitution',7,427),(6126,77,'Substitution',7,576),(6127,77,'Substitution',7,587),(6128,81,'Gol (Gol de campo)',7,418),(6129,81,'Cartão Amarelo',7,576),(6130,83,'Substitution',7,432),(6131,83,'Substitution',7,436),(6132,6,'Cartão Amarelo',8,657),(6133,14,'Cartão Vermelho',8,822),(6134,36,'Cartão Amarelo',8,664),(6135,44,'Cartão Amarelo',8,115),(6136,45,'Cartão Vermelho',8,665),(6137,45,'Cartão Amarelo',8,651),(6138,45,'Gol (Gol de campo)',8,119),(6139,45,'Cartão Amarelo',8,666),(6140,45,'Substitution',8,644),(6141,46,'Substitution',8,717),(6142,46,'Substitution',8,112),(6143,63,'Gol (Gol de campo)',8,645),(6144,68,'Cartão Amarelo',8,104),(6145,71,'Pênalti Perdido',8,650),(6146,76,'Substitution',8,640),(6147,76,'Substitution',8,109),(6148,77,'Substitution',8,123),(6149,86,'Substitution',8,705),(6150,87,'Substitution',8,661),(6151,87,'Substitution',8,725),(6152,90,'Woodwork',8,113),(6153,90,'Substitution',8,131),(6154,90,'Cartão Vermelho',8,647),(6155,90,'Gol (Pênalti)',8,117),(6156,90,'Cartão Amarelo',8,784),(6157,90,'Cartão Amarelo',8,108),(6158,5,'Gol (Gol de campo)',9,11),(6159,20,'Gol (Gol de campo)',9,208),(6160,23,'Substitution',9,15),(6161,27,'Cartão Amarelo',9,19),(6162,30,'Gol anulado (Var)',9,699),(6163,31,'Cartão Amarelo',9,699),(6164,36,'Cartão Amarelo',9,214),(6165,36,'Cartão Amarelo',9,20),(6166,46,'Substitution',9,30),(6167,59,'Substitution',9,17),(6168,65,'Gol (Gol de campo)',9,217),(6169,66,'Substitution',9,13),(6170,66,'Cartão Amarelo',9,217),(6171,68,'Substitution',9,805),(6172,68,'Substitution',9,219),(6173,68,'Substitution',9,806),(6174,72,'Cartão Vermelho',9,13),(6175,74,'Substitution',9,7),(6176,74,'Substitution',9,10),(6177,78,'Substitution',9,213),(6178,82,'Substitution',9,224),(6179,83,'Gol (Gol de campo)',9,7),(6180,84,'Cartão Amarelo',9,7),(6181,90,'Gol (Gol de campo)',9,805),(6182,90,'Cartão Amarelo',9,805),(6183,90,'Substitution',9,228),(6184,15,'Cartão Amarelo',10,347),(6185,17,'Cartão Amarelo',10,56),(6186,20,'Gol (Gol de campo)',10,56),(6187,32,'Substitution',10,810),(6188,45,'Cartão Amarelo',10,358),(6189,45,'Cartão Amarelo',10,804),(6190,53,'Cartão Amarelo',10,350),(6191,57,'Cartão Amarelo',10,51),(6192,61,'Substitution',10,803),(6193,62,'Substitution',10,55),(6194,66,'Substitution',10,61),(6195,67,'Substitution',10,792),(6196,67,'Substitution',10,343),(6197,67,'Substitution',10,59),(6198,68,'Substitution',10,729),(6199,85,'Cartão Amarelo',10,37),(6200,86,'Substitution',10,362),(6201,90,'Substitution',10,64),(6202,90,'Cartão Amarelo',10,59),(6203,13,'Cartão Amarelo',1,254),(6204,29,'Cartão Amarelo',1,823),(6205,41,'Cartão Amarelo',1,135),(6206,46,'Substitution',1,140),(6207,46,'Substitution',1,136),(6208,46,'Substitution',1,149),(6209,46,'Substitution',1,253),(6210,64,'Substitution',1,261),(6211,70,'Gol (Gol de campo)',1,261),(6212,72,'Gol (Gol de campo)',1,149),(6213,76,'Substitution',1,142),(6214,80,'Substitution',1,249),(6215,80,'Substitution',1,242),(6216,83,'Substitution',1,160),(6217,83,'Gol (Gol de campo)',1,135),(6218,88,'Cartão Amarelo',1,142),(6219,90,'Cartão Amarelo',1,720),(6220,90,'Cartão Amarelo',1,140),(6221,90,'Cartão Amarelo',1,242),(6222,90,'Cartão Amarelo',1,249),(6223,18,'Substitution',2,450),(6224,32,'Cartão Amarelo',2,452),(6225,33,'Cartão Amarelo',2,453),(6226,36,'Gol (Gol de campo)',2,824),(6227,45,'Cartão Amarelo',2,444),(6228,58,'Substitution',2,513),(6229,59,'Cartão Amarelo',2,529),(6230,61,'Substitution',2,457),(6231,64,'Gol (Gol de campo)',2,444),(6232,64,'Cartão Amarelo',2,467),(6233,67,'Cartão Amarelo',2,512),(6234,72,'Substitution',2,796),(6235,73,'Substitution',2,449),(6236,78,'Substitution',2,817),(6237,78,'Substitution',2,523),(6238,86,'Substitution',2,510),(6239,86,'Substitution',2,525),(6240,90,'Cartão Amarelo',2,525),(6241,90,'Cartão Amarelo',2,439),(6242,90,'Cartão Amarelo',2,513),(6243,90,'Cartão Amarelo',2,442),(6244,8,'Woodwork',3,500),(6245,10,'Cartão Amarelo',3,555),(6246,29,'Cartão Amarelo',3,500),(6247,32,'Woodwork',3,681),(6248,44,'Cartão Amarelo',3,548),(6249,45,'Gol (Gol de campo)',3,489),(6250,46,'Substitution',3,554),(6251,46,'Substitution',3,556),(6252,46,'Substitution',3,560),(6253,46,'Substitution',3,562),(6254,47,'Gol (Gol de campo)',3,544),(6255,52,'Gol (Gol de campo)',3,562),(6256,58,'Substitution',3,737),(6257,58,'Substitution',3,498),(6258,64,'Cartão Amarelo',3,491),(6259,68,'Gol (Gol de campo)',3,489),(6260,70,'Substitution',3,564),(6261,80,'Substitution',3,507),(6262,81,'Cartão Amarelo',3,556),(6263,83,'Cartão Amarelo',3,557),(6264,89,'Substitution',3,506),(6265,90,'Cartão Amarelo',3,708),(6266,21,'Woodwork',4,167),(6267,23,'Cartão Amarelo',4,83),(6268,51,'Cartão Amarelo',4,77),(6269,54,'Cartão Amarelo',4,76),(6270,58,'Substitution',4,94),(6271,59,'Substitution',4,813),(6272,59,'Substitution',4,96),(6273,65,'Substitution',4,177),(6274,65,'Substitution',4,201),(6275,66,'Gol (Gol de campo)',4,76),(6276,72,'Substitution',4,75),(6277,72,'Substitution',4,91),(6278,75,'Cartão Amarelo',4,167),(6279,76,'Substitution',4,190),(6280,76,'Substitution',4,193),(6281,80,'Gol (Gol de campo)',4,96),(6282,83,'Substitution',4,84),(6283,84,'Gol (Gol de campo)',4,193),(6284,90,'Cartão Amarelo',4,169);
/*!40000 ALTER TABLE `evento` ENABLE KEYS */;
UNLOCK TABLES;

--
-- Table structure for table `jogador`
--

DROP TABLE IF EXISTS `jogador`;
/*!40101 SET @saved_cs_client     = @@character_set_client */;
/*!50503 SET character_set_client = utf8mb4 */;
CREATE TABLE `jogador` (
  `id_jogador` int NOT NULL AUTO_INCREMENT,
  `nome` varchar(150) DEFAULT NULL,
  `numero` int DEFAULT NULL,
  `dt_nascimento` date DEFAULT NULL,
  `posicao` varchar(150) DEFAULT NULL,
  `id_time` int DEFAULT NULL,
  PRIMARY KEY (`id_jogador`),
  KEY `FK_JogadorTime` (`id_time`),
  CONSTRAINT `FK_JogadorTime` FOREIGN KEY (`id_time`) REFERENCES `time` (`id_time`)
) ENGINE=InnoDB AUTO_INCREMENT=825 DEFAULT CHARSET=utf8mb4 COLLATE=utf8mb4_0900_ai_ci;
/*!40101 SET character_set_client = @saved_cs_client */;

--
-- Dumping data for table `jogador`
--

LOCK TABLES `jogador` WRITE;
/*!40000 ALTER TABLE `jogador` DISABLE KEYS */;
INSERT INTO `jogador` VALUES (1,'Rafael',2,'1990-07-09','Lateral Direito',5),(2,'Bastos',15,'1991-03-27','Zagueiro Central',5),(3,'Allan',28,'1991-01-08','Meio de Campo Central',5),(4,'Gatito Fernández',1,'1988-03-29','Goleiro',5),(5,'Eduardo',33,'1989-10-17','Meia Atacante',5),(6,'Alex Telles',13,'1992-12-15','Lateral Esquerdo',5),(7,'Danilo Barbosa',5,'1996-02-28','Volante',5),(8,'Fernando Marçal',21,'1989-02-19','Lateral Esquerdo',5),(9,'Pablo',23,'1991-06-21','Zagueiro Central',5),(10,'Oscar Romero',70,'1992-07-04','Meia Atacante',5),(11,'Tiquinho Soares',9,'1991-01-17','Centroavante',5),(12,'Adryelson',34,'1998-03-23','Zagueiro Central',5),(13,'Alexander Barboza',20,'1995-03-16','Zagueiro Central',5),(14,'Marlon Freitas',17,'1995-03-27','Meio de Campo Central',5),(15,'Tchê Tchê',6,'1992-09-30','Meio de Campo Central',5),(16,'John',12,'1996-02-13','Goleiro',5),(17,'Jefferson Savarino',10,'1996-11-11','Ponta Direita',5),(18,'Raul',97,'1997-07-28','Goleiro',5),(19,'Gregore',26,'1994-03-02','Meio de Campo Central',5),(20,'Júnior Santos',11,'1994-10-11','Ponta Direita',5),(21,'Thiago Almada',23,'2001-04-26','Meia Atacante',5),(22,'Vitinho',22,'1999-07-23','Lateral Direito',5),(23,'Igor Jesus',99,'2001-02-25','Centroavante',5),(24,'Lucas Halter',3,'2000-05-02','Zagueiro Central',5),(25,'Artur Jorge',NULL,'1972-01-01','Técnico',5),(26,'Luiz Henrique',7,'2001-01-02','Ponta Direita',5),(27,'Matheus Nascimento',90,'2004-03-03','Centroavante',5),(28,'Carlos Alberto',27,'2002-04-14','Ponta Direita',5),(29,'Mateo Ponte',4,'2003-05-24','Zagueiro Central',5),(30,'Hugo',16,'2001-09-20','Lateral Esquerdo',5),(31,'Matheus Martins',37,'2003-07-16','Meia Esquerda',5),(32,'Jeffinho',47,'1999-12-30','Ponta Esquerda',5),(33,'JP Galvão',-1,'2001-05-07','Lateral Direito',5),(34,'Cuiabano',66,'2003-02-16','Lateral Esquerdo',5),(35,'Kauê',25,'2004-10-22','Volante',5),(36,'Franclim Carvalho',NULL,'1987-03-30','Auxiliar técnico',5),(37,'Mayke',12,'1992-11-10','Lateral Direito',16),(38,'Weverton',21,'1987-12-13','Goleiro',16),(39,'Dudu',7,'1992-01-07','Ponta Esquerda',16),(40,'Marcos Rocha',2,'1988-12-11','Lateral Direito',16),(41,'Marcelo Lomba',14,'1986-12-18','Goleiro',16),(42,'Felipe Anderson',9,'1993-04-15','Ponta Esquerda',16),(43,'Zé Rafael',8,'1993-06-16','Meio de Campo Central',16),(44,'Gustavo Gómez',15,'1993-05-06','Zagueiro Central',16),(45,'Rony',10,'1995-05-11','Centroavante',16),(46,'Raphael Veiga',23,'1995-06-19','Meia Atacante',16),(47,'Murilo Cerqueira',26,'1997-03-27','Zagueiro Central',16),(48,'Bruno Rodrigues',11,'1997-03-07','Ponta Esquerda',16),(49,'Abel Ferreira',NULL,'1978-12-22','Técnico',16),(50,'Joaquin Piquerez',22,'1998-08-24','Lateral Esquerdo',16),(51,'Gabriel Menino',25,'2000-09-29','Meio de Campo Central',16),(52,'Anibal Moreno',5,'1999-05-13','Volante',16),(53,'Caio Paulista',16,'1998-05-11','Lateral Esquerdo',16),(54,'Mauricio',18,'2001-06-22','Meia Direita',16),(55,'Lázaro',17,'2002-03-12','Ponta Esquerda',16),(56,'Richard Rios',27,'2000-06-02','Meio de Campo Central',16),(57,'Luighi',57,'2006-04-30','Centroavante',16),(58,'Andrey Lopes',NULL,'1973-10-18','Auxiliar técnico',16),(59,'Flaco López',42,'2000-12-06','Centroavante',16),(60,'Vanderlan',6,'2002-09-07','Lateral Esquerdo',16),(61,'Fabinho',35,'2002-04-09','Volante',16),(62,'Michel',33,'2003-05-20','Zagueiro Central',16),(63,'João Martins',NULL,'1988-10-02','Auxiliar técnico',16),(64,'Kaiky Naves',34,'2002-05-08','Zagueiro Central',16),(65,'Rômulo',20,'2001-10-07','Meia Atacante',16),(66,'Agustín Giay',4,'2004-01-16','Lateral Direito',16),(67,'Estêvão',41,'2007-04-24','Ponta Direita',16),(68,'Vitor Reis',44,'2006-01-12','Zagueiro Central',16),(69,'Mateus Oliveira',24,'2002-05-02','Goleiro',16),(70,'Vitor Castanheira',NULL,'1977-09-07','Auxiliar técnico',16),(71,'Carlos Martinho',NULL,'1984-05-02','Auxiliar técnico',16),(72,'Santos',23,'1990-03-17','Goleiro',12),(73,'José Welison',17,'1995-03-11','Volante',12),(74,'Titi',4,'1988-03-12','Zagueiro Central',12),(75,'Lucas Sasha',88,'1990-03-01','Meio de Campo Central',12),(76,'Juan Martín Lucero',9,'1991-11-30','Centroavante',12),(77,'Emanuel Brítez',19,'1992-03-26','Lateral Direito',12),(78,'Marinho',11,'1990-05-29','Ponta Direita',12),(79,'Renato Kayzer',79,'1996-02-17','Centroavante',12),(80,'Benjamin Kuscevic',13,'1996-05-02','Zagueiro Central',12),(81,'Tomas Cardona',25,'1995-10-10','Zagueiro Central',12),(82,'Yago Pikachu',22,'1992-06-05','Meia Direita',12),(83,'Tomas Pochettino',7,'1996-02-01','Meio de Campo Central',12),(84,'Tinga',2,'1993-09-01','Lateral Direito',12),(85,'Matheus Rossetto',16,'1996-06-03','Meia Atacante',12),(86,'João Ricardo',1,'1988-09-06','Goleiro',12),(87,'Emmanuel Martínez',8,'1994-06-04','Meia Atacante',12),(88,'Bruno Pacheco',6,'1991-12-08','Lateral Esquerdo',12),(89,'Breno Lopes',26,'1996-01-24','Ponta Direita',12),(90,'Mauricio Kozlinski',30,'1991-06-18','Goleiro',12),(91,'Pedro Augusto',28,'1997-03-01','Meio de Campo Central',12),(92,'Juan Pablo Vojvoda',NULL,'1975-05-13','Técnico',12),(93,'Felipe Jonatan',36,'1998-02-15','Lateral Esquerdo',12),(94,'Moisés',21,'1996-09-02','Ponta Direita',12),(95,'Calebe',10,'2000-04-30','Meio de Campo Central',12),(96,'Imanol Machuca',39,'2000-01-15','Ponta Direita',12),(97,'Kervin Andrade',77,'2005-04-13','Meia Atacante',12),(98,'Eros Mancuso',33,'1999-04-17','Lateral Direito',12),(99,'Hércules',35,'2000-10-20','Meio de Campo Central',12),(100,'Magrão',15,'2000-05-15','Goleiro',12),(101,'Gastón Liendo',NULL,'1974-05-29','Auxiliar técnico',12),(102,'David Luiz',23,'1987-04-22','Zagueiro Central',10),(103,'Gabriel Barbosa',10,'1996-08-30','Centroavante',10),(104,'Léo Pereira',4,'1996-01-31','Zagueiro Central',10),(105,'Filipe Luís',NULL,'1985-08-09','Técnico',10),(106,'Everton Cebolinha',11,'1996-03-22','Ponta Esquerda',10),(107,'Alex Sandro',26,'1991-01-26','Lateral Esquerdo',10),(108,'Giorgian De Arrascaeta',14,'1994-06-01','Meia Atacante',10),(109,'Gerson',8,'1997-05-20','Meio de Campo Central',10),(110,'Erick Pulgar',5,'1994-01-14','Volante',10),(111,'Agustin Rossi',1,'1995-08-21','Goleiro',10),(112,'Bruno Henrique',27,'1990-12-30','Ponta Esquerda',10),(113,'Ayrton Lucas',6,'1997-06-19','Lateral Esquerdo',10),(114,'Guillermo Varela',2,'1993-03-24','Lateral Direito',10),(115,'Fabrício Bruno',15,'1996-02-12','Zagueiro Central',10),(116,'Luiz Araújo',7,'1996-06-02','Ponta Direita',10),(117,'Pedro',9,'1997-06-20','Centroavante',10),(118,'Allan Souza',21,'1997-03-03','Volante',10),(119,'Nicolas De La Cruz',18,'1997-06-01','Meia Atacante',10),(120,'Matías Viña',17,'1997-11-09','Lateral Esquerdo',10),(121,'Léo Ortiz',3,'1996-01-03','Zagueiro Central',10),(122,'Michael',30,'1996-03-12','Ponta Esquerda',10),(123,'Carlinhos',12,'1997-02-12','Centroavante',10),(124,'Gonzalo Plata',45,'2000-11-01','Ponta Direita',10),(125,'Carlos Alcaraz',37,'2002-11-30','Meio de Campo Central',10),(126,'Wesley',43,'2003-09-06','Lateral Direito',10),(127,'Matheus Cunha',25,'2001-05-24','Goleiro',10),(128,'Cleiton',33,'2003-05-24','Zagueiro Central',10),(129,'Matheus Gonçalves',20,'2005-08-18','Meia Atacante',10),(130,'Evertton Araujo',52,'2003-02-28','Volante',10),(131,'Lorran',19,'2006-07-04','Meia Atacante',10),(132,'Enner Valencia',13,'1989-11-04','Centroavante',15),(133,'Wanderson',11,'1994-10-07','Ponta Direita',15),(134,'Alan Patrick',10,'1991-05-13','Meia Atacante',15),(135,'Fernando',5,'1987-07-25','Volante',15),(136,'Bruno Henrique',8,'1989-10-21','Meio de Campo Central',15),(137,'Renê',6,'1992-09-14','Lateral Esquerdo',15),(138,'Hyoran',7,'1993-05-25','Meia Atacante',15),(139,'Sergio Rochet',1,'1993-03-23','Goleiro',15),(140,'Gabriel Mercado',25,'1987-03-18','Zagueiro Central',15),(141,'Rafael Santos Borré',19,'1995-09-15','Centroavante',15),(142,'Lucas Alario',31,'1992-10-08','Centroavante',15),(143,'Thiago Maia',29,'1997-03-23','Volante',15),(144,'Ivan',22,'1997-07-02','Goleiro',15),(145,'Roger Machado',NULL,'1975-04-25','Técnico',15),(146,'Agustín Rogel',18,'1997-10-17','Zagueiro Central',15),(147,'Bruno Tabata',17,'1997-03-30','Meia Atacante',15),(148,'Vitão',44,'2000-02-02','Zagueiro Central',15),(149,'Wesley',21,'1999-03-30','Ponta Esquerda',15),(150,'Bruno Gomes',15,'2001-04-04','Volante',15),(151,'Alexandro Bernabei',26,'2000-10-24','Lateral Esquerdo',15),(152,'Rômulo',40,'2000-03-01','Meio de Campo Central',15),(153,'Nathan',23,'2001-09-05','Lateral Direito',15),(154,'Braian Aguirre',35,'2000-07-28','Lateral Esquerdo',15),(155,'Victor Gabriel',41,'2004-04-28','Lateral Esquerdo',15),(156,'Lucca',45,'2003-04-02','Centroavante',15),(157,'Anthoni Souza',24,'2002-01-23','Goleiro',15),(158,'Adailton Bolzan',NULL,'1977-01-24','Auxiliar técnico',15),(159,'Fabrício Santana',12,'1986-01-07','Goleiro',15),(160,'Gustavo Prado',47,'2005-06-06','Meio de Campo Central',15),(161,'Clayton',20,'2000-04-04','Zagueiro Central',15),(162,'Gabriel Carvalho',34,'2007-08-17','Meia Atacante',15),(163,'Luiz Gustavo',16,'1987-07-23','Meio de Campo Central',19),(164,'Rafinha',13,'1985-09-07','Lateral Direito',19),(165,'Lucas Moura',7,'1992-08-13','Meia Atacante',19),(166,'Alisson',25,'1993-06-25','Meio de Campo Central',19),(167,'Luciano',10,'1993-05-18','Segundo Atacante',19),(168,'Rafael',23,'1989-06-23','Goleiro',19),(169,'Jonathan Calleri',9,'1993-09-23','Centroavante',19),(170,'Arboleda',5,'1991-10-22','Zagueiro Central',19),(171,'Luis Orejuela',-1,'1995-08-20','Lateral Direito',19),(172,'Jhegson Méndez',-1,'1997-04-26','Volante',19),(173,'Nahuel Ferraresi',32,'1998-11-19','Zagueiro Central',19),(174,'Luis Zubeldía',NULL,'1981-01-13','Técnico',19),(175,'Jandrei',93,'1993-03-01','Goleiro',19),(176,'Alan Franco',28,'1996-10-11','Zagueiro Central',19),(177,'Erick Serafim',33,'1997-12-10','Centroavante',19),(178,'Mílton Cruz',NULL,'1957-08-01','Auxiliar técnico',19),(179,'Jamal Lewis',3,'1998-01-25','Lateral Esquerdo',19),(180,'Giuliano Galoppo',14,'1999-06-18','Meia Atacante',19),(181,'Wellington Rato',27,'1992-06-28','Meia Atacante',19),(182,'Michel Araújo',15,'1996-09-28','Meia Atacante',19),(183,'Liziero',26,'1998-02-07','Volante',19),(184,'Igor Vinicius',2,'1997-04-01','Lateral Direito',19),(185,'José Sabino',35,'1996-10-25','Zagueiro Central',19),(186,'Santiago Longo',4,'1998-04-12','Meio de Campo Central',19),(187,'Marcos Antonio',20,'2000-06-13','Meio de Campo Central',19),(188,'Ferreira',47,'1997-12-31','Ponta Esquerda',19),(189,'Patryck',36,'2003-01-18','Lateral Esquerdo',19),(190,'Rodrigo Nestor',11,'2000-08-09','Meio de Campo Central',19),(191,'Damián Bobadilla',21,'2001-07-11','Meio de Campo Central',19),(192,'Welington',6,'2001-02-19','Lateral Esquerdo',19),(193,'André Silva',17,'1997-06-03','Centroavante',19),(194,'Pablo Maia',29,'2002-01-10','Meio de Campo Central',19),(195,'João Moreira',30,'2004-05-21','Lateral Direito',19),(196,'Ruan Tressoldi',22,'1999-06-07','Zagueiro Central',19),(197,'Young',50,'2002-03-07','Goleiro',19),(198,'Rodriguinho',18,'2004-03-16','Meio de Campo Central',19),(199,'Matheus Belém',44,'2003-03-13','Zagueiro Central',19),(200,'Felipe Negrucci',46,'2004-05-14','Meio de Campo Central',19),(201,'William Gomes',39,'2006-03-15','Ponta Esquerda',19),(202,'Henrique Carmo',37,'2006-11-09','Meia Atacante',19),(203,'Maximiliano Cuberas',NULL,'1973-08-16','Auxiliar técnico',19),(204,'Cássio',1,'1987-06-06','Goleiro',8),(205,'Ramiro',17,'1993-05-22','Meia Direita',8),(206,'Walace',20,'1995-04-04','Meio de Campo Central',8),(207,'Lucas Romero',29,'1994-04-18','Meio de Campo Central',8),(208,'Lucas Silva',16,'1993-02-16','Volante',8),(209,'Lucas Villalba',25,'1994-08-19','Lateral Esquerdo',8),(210,'Juan Dinenno',19,'1994-08-29','Centroavante',8),(211,'William',12,'1995-04-03','Lateral Direito',8),(212,'Matheus Pereira',10,'1996-05-05','Ponta Direita',8),(213,'Mateus Vital',7,'1998-02-12','Meia Atacante',8),(214,'Zé Ivaldo',5,'1997-02-21','Zagueiro Central',8),(215,'Marlon',3,'1997-05-20','Lateral Esquerdo',8),(216,'Fernando Diniz',NULL,'1974-03-27','Técnico',8),(217,'Rafa Silva',8,'1992-04-04','Centroavante',8),(218,'Matheus Henrique',97,'1997-12-19','Meio de Campo Central',8),(219,'Álvaro Barreal',21,'2000-08-17','Meia Esquerda',8),(220,'Anderson Paixão',98,'1998-03-05','Goleiro',8),(221,'Kaio Jorge',9,'2002-01-24','Centroavante',8),(222,'Wesley Gasolina',2,'2000-03-13','Lateral Direito',8),(223,'Lautaro Díaz',26,'1998-05-21','Centroavante',8),(224,'Gabriel Veron',30,'2002-09-03','Ponta Direita',8),(225,'Eduardo Barros',NULL,'1985-03-08','Auxiliar técnico',8),(226,'Weverton',44,'2003-02-17','Zagueiro Central',8),(227,'Gabriel Grando',81,'2000-03-29','Goleiro',8),(228,'João Marcelo',43,'2000-06-13','Zagueiro Central',8),(229,'Pedrão',35,'2004-01-06','Zagueiro Central',8),(230,'Wesley Carvalho',NULL,'1974-06-04','Auxiliar técnico',8),(231,'Kaiki Bruno',6,'2003-03-08','Lateral Esquerdo',8),(232,'Fabrizio Peralta',33,'2002-08-02','Meio de Campo Central',8),(233,'Japa',77,'2004-01-02','Meio de Campo Central',8),(234,'Léo Aragão',41,'2002-04-19','Goleiro',8),(235,'Vitinho',22,'2004-02-18','Meia Atacante',8),(236,'Jonathan Jesus',34,'2004-05-27','Zagueiro Central',8),(237,'Santiago Arias',13,'1992-01-13','Lateral Direito',4),(238,'Gilberto',2,'1993-03-07','Lateral Direito',4),(239,'Danilo Fernandes',1,'1988-04-03','Goleiro',4),(240,'Everton Ribeiro',10,'1989-04-10','Meia Direita',4),(241,'Rogerio Ceni',NULL,'1973-01-22','Técnico',4),(242,'Everaldo',9,'1991-07-05','Centroavante',4),(243,'Yago Felipe',20,'1995-02-03','Meio de Campo Central',4),(244,'Cicinho',40,'1988-12-26','Lateral Direito',4),(245,'Víctor Cuesta',15,'1988-11-19','Zagueiro Central',4),(246,'Vitor Hugo',31,'1991-05-20','Zagueiro Central',4),(247,'Marcos Felipe',22,'1996-04-13','Goleiro',4),(248,'David Duarte',33,'1995-01-24','Zagueiro Central',4),(249,'Carlos De Pena',14,'1992-03-11','Meio de Campo Central',4),(250,'Kanu',4,'1997-03-07','Zagueiro Central',4),(251,'Iago',25,'1997-03-23','Lateral Esquerdo',4),(252,'Thaciano',16,'1995-05-12','Meia Atacante',4),(253,'Cauly',8,'1995-09-15','Meia Atacante',4),(254,'Jean Lucas',6,'1998-06-22','Meio de Campo Central',4),(255,'Ademir Santos',7,'1995-02-16','Ponta Direita',4),(256,'Nicolás Acevedo',26,'1999-04-14','Volante',4),(257,'Rafael Ratão',21,'1995-11-30','Centroavante',4),(258,'Caio Alexandre',19,'1999-02-24','Meio de Campo Central',4),(259,'Luciano Juba',46,'1999-08-29','Lateral Esquerdo',4),(260,'Luciano Rodríguez',17,'2003-07-16','Centroavante',4),(261,'Gabriel Teixeira',11,'2001-04-01','Ponta Esquerda',4),(262,'Rezende',5,'1995-01-02','Volante',4),(263,'Adriel',23,'2001-01-14','Goleiro',4),(264,'Gabriel Xavier',3,'2001-05-06','Zagueiro Central',4),(265,'Memphis Depay',94,'1994-02-13','Centroavante',6),(266,'Fagner',23,'1989-06-11','Lateral Direito',6),(267,'Pedro Henrique',16,'1990-06-16','Ponta Esquerda',6),(268,'Angel Romero',11,'1992-07-04','Ponta Esquerda',6),(269,'André Carrillo',19,'1991-06-14','Ponta Direita',6),(270,'Andre Ramalho',5,'1992-02-16','Zagueiro Central',6),(271,'Héctor Hernández',22,'1995-09-14','Ponta Direita',6),(272,'Gustavo Henrique',13,'1993-03-24','Zagueiro Central',6),(273,'Alex Santana',80,'1995-05-13','Meio de Campo Central',6),(274,'Maycon',7,'1997-07-15','Meio de Campo Central',6),(275,'Ramon Diaz',NULL,'1959-08-29','Técnico',6),(276,'Felix Torres',3,'1997-01-11','Zagueiro Central',6),(277,'Charles',8,'1996-06-19','Meio de Campo Central',6),(278,'Igor Coronado',77,'1992-08-18','Meia Atacante',6),(279,'Diego Palacios',6,'1999-07-12','Lateral Esquerdo',6),(280,'Yuri Alberto',9,'2001-03-18','Centroavante',6),(281,'Matheuzinho',2,'2000-09-08','Lateral Direito',6),(282,'Hugo Souza',1,'1999-01-31','Goleiro',6),(283,'Rodrigo Garro',10,'1998-01-04','Meia Atacante',6),(284,'Hugo',46,'1997-08-29','Lateral Esquerdo',6),(285,'Cacá',25,'1999-04-25','Zagueiro Central',6),(286,'Pedro Raul',20,'1996-11-05','Centroavante',6),(287,'José Martínez',70,'1994-08-07','Volante',6),(288,'Matheus Bidu',21,'1999-05-04','Lateral Esquerdo',6),(289,'Caetano',4,'1999-06-24','Zagueiro Central',6),(290,'Talles Magno',43,'2002-06-26','Ponta Esquerda',6),(291,'Matheus Donelli',32,'2002-05-17','Goleiro',6),(292,'Matheus Araujo',30,'2002-05-22','Meia Atacante',6),(293,'Ruan Oliveira',33,'2000-03-23','Meia Atacante',6),(294,'Raniele',14,'1996-12-31','Volante',6),(295,'Léo Mana',35,'2004-04-06','Lateral Direito',6),(296,'Giovane',17,'2003-11-24','Centroavante',6),(297,'Breno Bidon',27,'2005-02-20','Meio de Campo Central',6),(298,'Emiliano Díaz',NULL,'1982-06-22','Auxiliar técnico',6),(299,'Ryan',37,'2003-07-15','Meio de Campo Central',6),(300,'Philippe Coutinho',11,'1992-06-12','Meia Atacante',20),(301,'Dimitri Payet',10,'1987-03-29','Meia Atacante',20),(302,'Victor Luis',12,'1993-06-23','Lateral Esquerdo',20),(303,'Pablo Vegetti',99,'1988-10-15','Centroavante',20),(304,'Souza',5,'1989-02-11','Meio de Campo Central',20),(305,'Maicon',4,'1988-09-14','Zagueiro Central',20),(306,'Alex Teixeira',90,'1990-01-06','Meia Atacante',20),(307,'Leo Jardim',1,'1995-03-20','Goleiro',20),(308,'Pablo Galdames',27,'1996-12-30','Meio de Campo Central',20),(309,'Maxime Dominguez',26,'1996-02-01','Meia Atacante',20),(310,'Léo',3,'1996-03-06','Zagueiro Central',20),(311,'Jean David',21,'1993-03-16','Ponta Direita',20),(312,'Jair',8,'1994-08-26','Meio de Campo Central',20),(313,'David',7,'1995-10-17','Centroavante',20),(314,'Paulo Henrique',96,'1996-07-25','Lateral Direito',20),(315,'Rossi',31,'1993-04-22','Ponta Direita',20),(316,'Keiller',13,'1996-10-29','Goleiro',20),(317,'Puma Rodriguez',2,'1997-03-14','Lateral Direito',20),(318,'Robert Rojas',32,'1996-04-30','Lateral Direito',20),(319,'Hugo Moura',25,'1998-01-03','Volante',20),(320,'Lucas Piton',6,'2000-10-09','Lateral Esquerdo',20),(321,'João Victor',38,'1998-07-17','Zagueiro Central',20),(322,'Paulinho',18,'1997-01-08','Meio de Campo Central',20),(323,'Emerson Rodríguez',17,'2000-08-25','Ponta Direita',20),(324,'Juan Sforza',20,'2002-02-14','Meio de Campo Central',20),(325,'Adson',28,'2000-10-06','Ponta Direita',20),(326,'Mateus Carvalho',85,'2002-03-18','Volante',20),(327,'Rayan',77,'2006-08-03','Ponta Direita',20),(328,'Maxsuell Alegria',16,'2004-01-09','Centroavante',20),(329,'JP',98,'2005-04-19','Meio de Campo Central',20),(330,'Leandrinho',66,'2005-03-17','Lateral Esquerdo',20),(331,'Guilherme Estrella',14,'2005-04-22','Meio de Campo Central',20),(332,'Rafael Paiva',NULL,'1984-08-26','Técnico',20),(333,'Pablo Cardoso',37,'2003-02-11','Goleiro',20),(334,'GB',19,'2005-01-05','Centroavante',20),(335,'Muriel',22,'1987-02-14','Goleiro',18),(336,'Bruno Uvini',25,'1991-06-03','Zagueiro Central',18),(337,'Osvaldo',11,'1987-04-11','Segundo Atacante',18),(338,'Carlos Eduardo',96,'1996-10-10','Ponta Esquerda',18),(339,'PK',14,'1994-07-05','Lateral Esquerdo',18),(340,'Ricardo',28,'1994-02-27','Meio de Campo Central',18),(341,'Neris',77,'1992-06-17','Zagueiro Central',18),(342,'Raul Cáceres',27,'1991-09-18','Lateral Direito',18),(343,'Jean Mota',10,'1993-10-15','Meio de Campo Central',18),(344,'Filipe Machado',36,'1996-01-20','Volante',18),(345,'Everaldo',37,'1994-05-28','Ponta Esquerda',18),(346,'Willian Oliveira',29,'1993-05-16','Volante',18),(347,'Alerrandro',9,'2000-01-12','Centroavante',18),(348,'Luan',8,'1999-05-14','Volante',18),(349,'Caio Vinicius',15,'1999-01-11','Meio de Campo Central',18),(350,'Camutanga',13,'1993-09-27','Zagueiro Central',18),(351,'Gustavo Mosquito',7,'1997-09-07','Ponta Direita',18),(352,'Matheuzinho',30,'1997-10-18','Meio de Campo Central',18),(353,'Willean Lepo',97,'1997-01-16','Lateral Direito',18),(354,'Wagner Leonardo',4,'1999-07-23','Zagueiro Central',18),(355,'Lucas Arcanjo',1,'1998-08-08','Goleiro',18),(356,'Thiago Carpini',NULL,'1984-07-16','Técnico',18),(357,'Edu',43,'2000-06-16','Zagueiro Central',18),(358,'Lucas Esteves',16,'2000-06-24','Lateral Esquerdo',18),(359,'Yuri',12,'2001-01-03','Goleiro',18),(360,'Gabriel Santiago',-1,'2000-02-05','Ponta Esquerda',18),(361,'Léo Naldi',5,'2001-08-18','Volante',18),(362,'Zé Hugo',17,'1999-10-17','Ponta Direita',18),(363,'Janderson',39,'1999-05-06','Centroavante',18),(364,'Alan Pedro',-1,'2002-06-12','Meio de Campo Central',18),(365,'Fintelman',35,'2001-07-20','Goleiro',18),(366,'John',-1,'2001-07-13','Zagueiro Central',18),(367,'Estephano Djian',NULL,'1994-09-15','Auxiliar técnico',18),(368,'Diego Costa',19,'1988-10-07','Centroavante',14),(369,'Martin Braithwaite',22,'1991-06-05','Centroavante',14),(370,'Fabio',2,'1990-07-09','Lateral Direito',14),(371,'Reinaldo',6,'1989-09-28','Lateral Esquerdo',14),(372,'Rodrigo Caio',30,'1993-08-17','Zagueiro Central',14),(373,'Nathan',32,'1996-03-13','Meia Atacante',14),(374,'Pedro Geromel',3,'1985-09-21','Zagueiro Central',14),(375,'Jemerson',28,'1992-08-24','Zagueiro Central',14),(376,'Rafael Cabral',33,'1990-05-20','Goleiro',14),(377,'Edenílson',15,'1989-12-18','Meio de Campo Central',14),(378,'Kannemann',4,'1991-03-14','Zagueiro Central',14),(379,'Agustín Marchesín',1,'1988-03-16','Goleiro',14),(380,'João Pedro',18,'1996-11-15','Lateral Direito',14),(381,'Franco Cristaldo',10,'1996-08-15','Meia Atacante',14),(382,'Yeferson Soteldo',7,'1997-06-30','Ponta Esquerda',14),(383,'Cristian Pavón',21,'1996-01-21','Ponta Esquerda',14),(384,'Rodrigo Ely',5,'1993-11-03','Zagueiro Central',14),(385,'Dodi',17,'1996-04-17','Meio de Campo Central',14),(386,'Renato Gaúcho',NULL,'1962-09-09','Técnico',14),(387,'Mathías Villasanti',20,'1997-01-24','Meio de Campo Central',14),(388,'Matias Arezo',9,'2002-11-21','Centroavante',14),(389,'Brenno',-1,'1999-04-01','Goleiro',14),(390,'Pepê',23,'1998-01-06','Meia Atacante',14),(391,'Alexander Aravena',16,'2002-09-06','Centroavante',14),(392,'Miguel Monsalve',11,'2004-02-27','Meia Atacante',14),(393,'Mayk',26,'1999-08-31','Lateral Esquerdo',14),(394,'Du Queiroz',37,'2000-01-19','Meio de Campo Central',14),(395,'Caique Santos',97,'1997-07-31','Goleiro',14),(396,'Natã',36,'2001-06-05','Zagueiro Central',14),(397,'Alexandre Mendes',NULL,'1964-06-10','Auxiliar técnico',14),(398,'Gustavo Martins',53,'2002-08-11','Zagueiro Central',14),(399,'Ronald',35,'2003-02-11','Volante',14),(400,'André Henrique',77,'2001-12-17','Centroavante',14),(401,'Lucas Mila',45,'2003-01-28','Volante',14),(402,'Felipe Scheibig',41,'2000-03-08','Goleiro',14),(403,'Nathan Fernandes',32,'2005-02-16','Ponta Esquerda',14),(404,'Igor Serrote',34,'2005-03-01','Lateral Direito',14),(405,'James Freitas',NULL,'1968-06-02','Auxiliar técnico',14),(406,'Marcelo Salles',NULL,'1978-02-06','Auxiliar técnico',14),(407,'Fernandinho',5,'1985-05-04','Volante',2),(408,'Thiago Heleno',44,'1988-09-17','Zagueiro Central',2),(409,'Gabriel',3,'1992-07-10','Volante',2),(410,'Madson',22,'1992-01-13','Lateral Direito',2),(411,'Nikão',11,'1992-07-29','Meia Atacante',2),(412,'Léo Godoy',29,'1995-04-28','Lateral Direito',2),(413,'Lucho González',NULL,'1981-01-19','Técnico',2),(414,'Pablo',92,'1992-06-23','Centroavante',2),(415,'Lucas Di Yorio',7,'1996-11-22','Centroavante',2),(416,'Agustin Canobbio',14,'1998-10-01','Ponta Direita',2),(417,'Tomas Cuello',28,'2000-03-05','Ponta Esquerda',2),(418,'Gonzalo Mastriani',9,'1993-04-28','Ponta Esquerda',2),(419,'Julimar',20,'2001-01-25','Ponta Esquerda',2),(420,'Kaique Rocha',4,'2001-02-28','Zagueiro Central',2),(421,'Erick',26,'1997-11-14','Volante',2),(422,'Mateo Gamarra',15,'2000-10-20','Zagueiro Central',2),(423,'Luan Patrick',13,'2002-01-20','Zagueiro Central',2),(424,'Praxedes',8,'2002-02-08','Meio de Campo Central',2),(425,'Christian',88,'2000-12-19','Meio de Campo Central',2),(426,'Lucas Esquivel',37,'2001-10-14','Lateral Esquerdo',2),(427,'Bruno Zapelli',10,'2002-05-16','Meia Atacante',2),(428,'Leo Linck',24,'2001-03-03','Goleiro',2),(429,'Marcos Victor',43,'2001-12-26','Zagueiro Central',2),(430,'Fernando',6,'1999-09-14','Lateral Esquerdo',2),(431,'Mycael',41,'2004-03-12','Goleiro',2),(432,'Felipinho',23,'2001-10-18','Volante',2),(433,'Dudu',53,'2006-01-01','Meia Atacante',2),(434,'Lucas Belezi',45,'2003-05-08','Zagueiro Central',2),(435,'João Cruz',57,'2006-05-12','Meio de Campo Central',2),(436,'Zé Vitor',30,'2000-05-02','Meio de Campo Central',2),(437,'Matheus Soares',42,'2005-01-10','Goleiro',2),(438,'Alan Ruschel',28,'1989-08-23','Lateral Esquerdo',13),(439,'Gabriel',1,'1992-09-27','Goleiro',13),(440,'Jadson',16,'1993-08-30','Meio de Campo Central',13),(441,'Nenê',10,'1981-07-19','Meia Atacante',13),(442,'Rodrigo Sam',34,'1995-07-24','Zagueiro Central',13),(443,'Gilberto',9,'1989-06-05','Centroavante',13),(444,'Jean Carlos',20,'1992-02-15','Meia Atacante',13),(445,'Ronaldo',96,'1996-10-23','Meio de Campo Central',13),(446,'Diego Gonçalves',13,'1994-09-22','Ponta Esquerda',13),(447,'Ronie Carrillo',79,'1996-09-08','Centroavante',13),(448,'Dudu Vieira',30,'1994-02-20','Meio de Campo Central',13),(449,'Thiago Conti',8,'1997-04-11','Meio de Campo Central',13),(450,'Erick Farias',7,'1997-01-03','Ponta Direita',13),(451,'Gabriel Taliari',19,'1997-04-13','Meia Atacante',13),(452,'João Lucas',2,'1998-03-09','Lateral Direito',13),(453,'Zé Marcos',3,'1998-02-01','Zagueiro Central',13),(454,'Ewerthon',14,'2000-11-10','Lateral Direito',13),(455,'Luis Oyama',5,'1997-01-30','Meio de Campo Central',13),(456,'Mateus Claus',77,'1994-08-03','Goleiro',13),(457,'Marcelinho',11,'2002-12-11','Centroavante',13),(458,'Lucas Freitas',43,'2001-01-20','Zagueiro Central',13),(459,'Danilo Boza',4,'1998-05-06','Zagueiro Central',13),(460,'David Da Hora',18,'2000-01-09','Ponta Esquerda',13),(461,'Lucas Barbosa',21,'2001-02-22','Ponta Direita',13),(462,'Luis Mandaca',44,'2001-10-02','Ponta Esquerda',13),(463,'Gabriel Inocêncio',12,'1994-08-20','Lateral Direito',13),(464,'Kelvi',15,'2002-12-17','Meio de Campo Central',13),(465,'Lucas Wingert',99,'1999-05-04','Goleiro',13),(466,'Yan Souto',70,'2001-10-05','Zagueiro Central',13),(467,'Caique',95,'1995-10-10','Meio de Campo Central',13),(468,'Edson Carioca',17,'1998-06-04','Centroavante',13),(469,'João Vitor',22,'2002-07-25','Lateral Direito',13),(470,'Fábio Matias',NULL,'1979-09-25','Técnico',13),(471,'Daniel Peixoto',72,'1997-06-30','Volante',13),(472,'Thiago Silva',3,'1984-09-22','Zagueiro Central',11),(473,'Manoel',26,'1990-02-26','Zagueiro Central',11),(474,'Ganso',10,'1989-10-12','Meia Atacante',11),(475,'Diogo Barbosa',6,'1992-08-17','Lateral Esquerdo',11),(476,'Fábio',1,'1980-09-30','Goleiro',11),(477,'Renato Augusto',7,'1988-02-08','Meia Atacante',11),(478,'Felipe Melo',30,'1983-06-26','Zagueiro Central',11),(479,'Germán Cano',14,'1988-01-02','Centroavante',11),(480,'Keno',11,'1989-09-10','Ponta Esquerda',11),(481,'Antonio Carlos',25,'1993-03-07','Zagueiro Central',11),(482,'Samuel Xavier',2,'1990-06-06','Lateral Direito',11),(483,'Thiago Santos',29,'1989-09-05','Zagueiro Central',11),(484,'Yony González',-1,'1994-07-11','Ponta Direita',11),(485,'Felipe Alves',27,'1988-05-21','Goleiro',11),(486,'Gabriel Pires',22,'1993-09-18','Meio de Campo Central',11),(487,'David Terans',80,'1994-08-11','Meia Esquerda',11),(488,'Mano Menezes',NULL,'1962-06-11','Técnico',11),(489,'Lima',45,'1996-06-11','Meio de Campo Central',11),(490,'Jhon Arias',21,'1997-09-21','Meia Esquerda',11),(491,'Guga',23,'1998-08-29','Lateral Direito',11),(492,'Gabriel Fuentes',31,'1997-02-09','Lateral Esquerdo',11),(493,'Vitor Eudes',98,'1998-10-21','Goleiro',11),(494,'Ignácio',4,'1996-12-01','Zagueiro Central',11),(495,'Nonato',16,'1998-03-03','Meio de Campo Central',11),(496,'Marcão',NULL,'1972-07-22','Auxiliar técnico',11),(497,'Kevin Serna',90,'1997-12-17','Ponta Direita',11),(498,'John Kennedy',9,'2002-05-18','Centroavante',11),(499,'Matheus Martinelli',8,'2001-10-05','Meio de Campo Central',11),(500,'Marquinhos',77,'2003-04-07','Ponta Direita',11),(501,'Facundo Bernal',5,'2003-08-21','Volante',11),(502,'Jan Lucumi',17,'2004-02-11','Ponta Esquerda',11),(503,'Sidnei Lobo',NULL,'1970-02-03','Auxiliar técnico',11),(504,'Victor Hugo',20,'2004-05-10','Meio de Campo Central',11),(505,'Lelê',18,'1997-10-01','Centroavante',11),(506,'Kauã Elias',19,'2006-03-28','Centroavante',11),(507,'Felipe Andrade',13,'2002-05-29','Zagueiro Central',11),(508,'Esquerdinha',53,'2006-02-28','Lateral Esquerdo',11),(509,'Thiago Kosloski',NULL,'1981-05-16','Auxiliar técnico',11),(510,'Arthur Caike',45,'1992-06-15','Ponta Esquerda',7),(511,'Allano',2,'1995-04-24','Ponta Direita',7),(512,'Marquinhos Gabriel',10,'1990-07-21','Meia Atacante',7),(513,'Yannick Bolasie',11,'1989-05-24','Ponta Esquerda',7),(514,'Gustavo',1,'1993-03-10','Goleiro',7),(515,'Barreto',88,'1995-12-10','Meio de Campo Central',7),(516,'Wilker Ángel',4,'1993-03-18','Zagueiro Central',7),(517,'Tobías Figueiredo',29,'1994-02-02','Zagueiro Central',7),(518,'Marcelo Hermes',22,'1995-01-02','Lateral Esquerdo',7),(519,'Pedro Rocha',28,'1994-10-01','Ponta Esquerda',7),(520,'Walisson Maia',33,'1991-08-21','Zagueiro Central',7),(521,'Rodrigo Fagundes',3,'1987-03-10','Zagueiro Central',7),(522,'Felipe Vizeu',9,'1997-03-12','Centroavante',7),(523,'Matheusinho',17,'1998-02-11','Meia Atacante',7),(524,'Alisson',25,'1995-06-08','Goleiro',7),(525,'Miguel Trauco',14,'1992-08-25','Lateral Esquerdo',7),(526,'Cláudio Tencati',NULL,'1973-12-09','Técnico',7),(527,'Jonathan Lemos',13,'1992-08-25','Lateral Direito',7),(528,'Dudu',20,'1997-05-30','Lateral Direito',7),(529,'Fellipe Mateus',7,'1991-02-12','Meio de Campo Central',7),(530,'Higor Meritão',5,'1994-06-23','Meio de Campo Central',7),(531,'Patrick de Paula',85,'1999-09-08','Meio de Campo Central',7),(532,'Jhonata Robert',50,'1999-10-26','Ponta Direita',7),(533,'Ronald Lopes',6,'1997-06-18','Meio de Campo Central',7),(534,'Matheus Teixeira',32,'1999-03-08','Goleiro',7),(535,'Claudinho',27,'2000-09-24','Lateral Direito',7),(536,'Serginho',35,'1995-04-06','Ponta Esquerda',7),(537,'Werik Popó',77,'2001-10-17','Centroavante',7),(538,'Guilherme Silva',66,'2002-08-14','Zagueiro Central',7),(539,'Eduardo Melo',99,'2001-05-13','Ponta Esquerda',7),(540,'Newton',8,'2000-03-12','Volante',7),(541,'Eliédson',15,'2003-03-17','Volante',7),(542,'Erick Garcia',41,'2005-06-04','Zagueiro Central',7),(543,'Ivan Cavaleiro',9,'1993-10-18','Ponta Esquerda',17),(544,'Eduardo Sasha',19,'1992-02-24','Centroavante',17),(545,'Lucas Evangelista',8,'1995-05-06','Meia Atacante',17),(546,'Pedro Henrique',14,'1995-10-02','Zagueiro Central',17),(547,'Lincoln',10,'1998-11-07','Meia Atacante',17),(548,'Juninho Capixaba',29,'1997-07-06','Lateral Esquerdo',17),(549,'Raul',23,'1996-07-11','Volante',17),(550,'Vitinho',-1,'1998-03-24','Meia Atacante',17),(551,'Cleiton',1,'1997-08-19','Goleiro',17),(552,'Lucas Cunha',4,'1997-01-23','Zagueiro Central',17),(553,'Matheus Fernandes',35,'1998-06-30','Meio de Campo Central',17),(554,'Eric Ramires',7,'2000-08-10','Meio de Campo Central',17),(555,'Luan Candido',36,'2001-02-02','Lateral Esquerdo',17),(556,'Vitinho',28,'1999-04-01','Ponta Esquerda',17),(557,'Jadsom',5,'2001-05-20','Volante',17),(558,'Andrés Hurtado',34,'2001-12-23','Lateral Direito',17),(559,'Eduardo Santos',37,'1997-11-28','Zagueiro Central',17),(560,'Lucão',40,'2001-02-26','Goleiro',17),(561,'Kawê',39,'2002-06-22','Ponta Direita',17),(562,'Thiago Borbas',18,'2002-04-07','Centroavante',17),(563,'João Neto',21,'2003-05-21','Meio de Campo Central',17),(564,'Guilherme Lopes',31,'2002-02-14','Lateral Esquerdo',17),(565,'Douglas Mendes',39,'2004-06-13','Zagueiro Central',17),(566,'Nathan Mendes',45,'2002-08-19','Lateral Direito',17),(567,'Henry Mosquera',30,'2001-11-15','Ponta Esquerda',17),(568,'Arthur Sousa',27,'2003-03-12','Centroavante',17),(569,'Jhon Jhon',6,'2002-09-09','Meia Atacante',17),(570,'Gustavinho',22,'2004-04-23','Meia Atacante',17),(571,'Sergio Palacios',13,'2005-01-01','Lateral Direito',17),(572,'Fernando Seabra',NULL,'1977-06-19','Técnico',17),(573,'Vinicinho',54,'2004-02-20','Ponta Esquerda',17),(574,'Jonathan Cafu',7,'1991-07-10','Ponta Direita',9),(575,'Bruno Alves',34,'1991-04-16','Zagueiro Central',9),(576,'Filipe Augusto',5,'1993-08-12','Meio de Campo Central',9),(577,'Walter',1,'1987-11-18','Goleiro',9),(578,'Clayson',25,'1995-03-19','Ponta Esquerda',9),(579,'Marllon',4,'1992-04-16','Zagueiro Central',9),(580,'Lucas Fernandes',18,'1997-09-20','Meia Atacante',9),(581,'Lucas Mineiro',30,'1996-02-24','Meia Atacante',9),(582,'André Luís',97,'1997-04-21','Ponta Esquerda',9),(583,'Alan Empereur',33,'1994-03-10','Zagueiro Central',9),(584,'Fernando Sobral',88,'1994-12-17','Meia Esquerda',9),(585,'Mateus Pasinato',14,'1992-06-28','Goleiro',9),(586,'Gustavo Sauer',19,'1993-04-30','Ponta Direita',9),(587,'Isidro Pitta',9,'1999-08-14','Centroavante',9),(588,'Matheus Alexandre',2,'1999-04-07','Lateral Direito',9),(589,'Ramon',23,'2001-03-13','Lateral Esquerdo',9),(590,'Derik Lacerda',22,'1999-09-27','Centroavante',9),(591,'Max',10,'2001-05-12','Meia Atacante',9),(592,'Gustavo Nescau',-1,'2000-03-12','Centroavante',9),(593,'Eliel',11,'2003-01-26','Ponta Esquerda',9),(594,'Railan',21,'2000-03-10','Lateral Direito',9),(595,'Bernardo Franco',NULL,'1986-04-26','Técnico',9),(596,'Denilson',27,'2001-03-23','Meia Atacante',9),(597,'Gabriel',44,'2003-10-18','Zagueiro Central',9),(598,'Guilherme Madruga',8,'2000-11-11','Volante',9),(599,'Gabryel Freitas',84,'2002-10-28','Ponta Esquerda',9),(600,'Juan Tavares',63,'2002-04-25','Lateral Esquerdo',9),(601,'Rhyan',12,'2006-01-03','Goleiro',9),(602,'Tarcísio Muniz',59,'2003-08-30','Lateral Esquerdo',9),(603,'Bernard',20,'1992-09-08','Ponta Esquerda',3),(604,'Hulk',7,'1986-07-25','Centroavante',3),(605,'Eduardo Vargas',11,'1989-11-20','Segundo Atacante',3),(606,'Mariano',25,'1986-06-23','Lateral Direito',3),(607,'Alan Kardec',14,'1989-01-12','Centroavante',3),(608,'Otávio',5,'1994-05-04','Volante',3),(609,'Renzo Saravia',26,'1993-06-16','Lateral Direito',3),(610,'Rodrigo Battaglia',21,'1991-07-12','Volante',3),(611,'Deyverson',9,'1991-05-08','Centroavante',3),(612,'Guilherme Arana',13,'1997-04-14','Lateral Esquerdo',3),(613,'Igor Rabello',16,'1995-04-28','Zagueiro Central',3),(614,'Gustavo Scarpa',6,'1994-01-05','Meia Atacante',3),(615,'Lyanco',2,'1997-02-01','Zagueiro Central',3),(616,'Mauricio Lemos',4,'1995-12-28','Zagueiro Central',3),(617,'Éverson',22,'1990-07-22','Goleiro',3),(618,'Junior Alonso',8,'1993-02-09','Zagueiro Central',3),(619,'Gabriel Milito',NULL,'1980-09-07','Técnico',3),(620,'Matías Zaracho',15,'1998-03-10','Meia Atacante',3),(621,'Paulinho',10,'2000-07-15','Ponta Esquerda',3),(622,'Alan Franco',23,'1998-08-21','Meio de Campo Central',3),(623,'Fausto Vera',18,'2000-03-26','Volante',3),(624,'Igor Gomes',17,'1999-03-17','Meio de Campo Central',3),(625,'Bruno Fuchs',3,'1999-04-01','Zagueiro Central',3),(626,'Leandro Ávila',NULL,'1971-04-06','Auxiliar técnico',3),(627,'Matheus Mendes',31,'1999-03-10','Goleiro',3),(628,'Brahian Palacios',30,'2002-11-24','Ponta Direita',3),(629,'Rubens',44,'2001-06-21','Lateral Esquerdo',3),(630,'Gabriel Delfim',1,'2002-07-10','Goleiro',3),(631,'Cadu',42,'2004-05-24','Centroavante',3),(632,'Paulo Vitor',27,'2004-08-26','Volante',3),(633,'Alisson Santana',45,'2005-09-21','Ponta Direita',3),(634,'Rômulo',47,'2004-01-31','Zagueiro Central',3),(635,'Vitor Gabriel',50,'2006-03-11','Lateral Direito',3),(636,'Robert Conceição',33,'2003-07-20','Ponta Direita',3),(637,'Gabriel Átila',32,'2003-01-22','Goleiro',3),(638,'Caio Maia',39,'2005-04-01','Centroavante',3),(639,'Joel Campbell',12,'1992-06-26','Ponta Direita',1),(640,'Pedro Henrique',-1,'1992-12-18','Zagueiro Central',1),(641,'Gustavo Campanharo',-1,'1992-04-04','Volante',1),(642,'Philipe Sampaio',-1,'1994-11-11','Zagueiro Central',1),(643,'Angelo Araos',10,'1997-01-06','Meia Atacante',1),(644,'Luiz Felipe',-1,'1993-09-09','Zagueiro Central',1),(645,'Luiz Fernando',18,'1996-10-16','Ponta Direita',1),(646,'Jorginho',-1,'1991-01-05','Meia Atacante',1),(647,'Maguinho',-1,'1992-01-06','Lateral Direito',1),(648,'Gonzalo Freitas',-1,'1991-10-02','Meio de Campo Central',1),(649,'Jan Carlos Hurtado',-1,'2000-03-05','Centroavante',1),(650,'Shaylon',7,'1997-04-27','Meia Atacante',1),(651,'Guilherme Romão',-1,'1997-10-07','Lateral Esquerdo',1),(652,'Ronaldo Strada',-1,'1996-08-22','Goleiro',1),(653,'Bruno Tubarão',-1,'1995-03-05','Lateral Direito',1),(654,'Gabriel Baralhas',-1,'1998-10-10','Meio de Campo Central',1),(655,'Janderson',-1,'1999-02-26','Ponta Direita',1),(656,'Matías Lacava',7,'2002-10-24','Ponta Esquerda',1),(657,'Rhaldney',19,'1998-11-20','Volante',1),(658,'Roni',-1,'1999-04-15','Volante',1),(659,'Yeferson Rodallega',-1,'2000-11-23','Lateral Esquerdo',1),(660,'Pedro Rangel',-1,'2000-06-29','Goleiro',1),(661,'Derek',-1,'1997-12-02','Centroavante',1),(662,'Emerson Júnior',-1,'2000-02-07','Goleiro',1),(663,'Rafael Haller',-1,'2000-08-17','Lateral Direito',1),(664,'Alejo Cruz',-1,'2000-09-01','Centroavante',1),(665,'Alix Vinicius',-1,'1999-11-06','Zagueiro Central',1),(666,'Adriano Martins',-1,'1997-04-01','Zagueiro Central',1),(667,'Anderson Gomes',NULL,'1971-11-02','Auxiliar técnico',1),(668,'Luiz Gustavo',-1,'2003-05-30','Zagueiro Central',1),(669,'Marcão',-1,'2001-05-15','Zagueiro Central',1),(670,'Pedro Paranhos',-1,'2006-10-12','Centroavante',1),(671,'Luis Otávio',NULL,NULL,NULL,15),(672,'Kenji',NULL,NULL,NULL,8),(673,'Emersonn',NULL,NULL,NULL,2),(674,'Tiago',NULL,NULL,NULL,4),(675,'Guilherme',NULL,NULL,NULL,10),(676,'Jadson',NULL,NULL,NULL,9),(677,'David Miguel',NULL,NULL,NULL,9),(678,'Ogundana Shola',NULL,NULL,NULL,10),(679,'Isaac',NULL,NULL,NULL,11),(680,'Victor Mota',NULL,NULL,NULL,17),(681,'Marcelo',NULL,NULL,NULL,11),(682,'Davi Goes',NULL,NULL,NULL,13),(683,'Jean Carlos',NULL,NULL,NULL,1),(684,'Jhosefer',NULL,NULL,NULL,8),(685,'Ricardo Mathias',NULL,NULL,NULL,15),(686,'Tevis',NULL,NULL,NULL,8),(687,'Igor Gomes',NULL,NULL,NULL,15),(688,'Wallace Yan',NULL,NULL,NULL,10),(689,'Felipe Teresa',NULL,NULL,NULL,10),(690,'Daniel Sales',NULL,NULL,NULL,10),(691,'Lucas Henrique Barbosa',NULL,NULL,NULL,13),(692,'Lawan',NULL,NULL,NULL,18),(693,'Matheuzinho Martins Fogaca de Paulo',NULL,NULL,NULL,13),(694,'Vinicius',NULL,NULL,NULL,17),(695,'T. Borbas',NULL,NULL,NULL,17),(696,'Emiliano Rodríguez',NULL,NULL,NULL,1),(697,'Eli Júnior',NULL,NULL,NULL,1),(698,'Helinho',NULL,NULL,NULL,17),(699,'Arthur Gomes',NULL,NULL,NULL,8),(700,'Riquelme',NULL,NULL,NULL,17),(701,'Chumbinho',NULL,NULL,NULL,17),(702,'Erick Marcus',NULL,NULL,NULL,20),(703,'João Pedro',NULL,NULL,NULL,20),(704,'João Carlos',NULL,NULL,NULL,7),(705,'Victor Hugo',NULL,NULL,NULL,10),(706,'Abner',NULL,NULL,NULL,13),(707,'Gustavo Nunes',NULL,NULL,NULL,14),(708,'André',NULL,NULL,NULL,11),(709,'Wesley',NULL,NULL,NULL,6),(710,'Pablo Baianinho',NULL,NULL,NULL,18),(711,'Zé Guilherme',NULL,NULL,NULL,14),(712,'Alexsander',NULL,NULL,NULL,11),(713,'Guilherme Biro',NULL,NULL,NULL,6),(714,'Zé Gabriel',NULL,NULL,NULL,20),(715,'Juliano',NULL,NULL,NULL,17),(716,'Lucas Kal',NULL,NULL,NULL,1),(717,'Yony González',NULL,NULL,NULL,1),(718,'Deyverson',NULL,NULL,NULL,9),(719,'José Breno',NULL,NULL,NULL,18),(720,'Fabricio Bustos',NULL,NULL,NULL,15),(721,'Lucca Drummond',NULL,NULL,NULL,15),(722,'Matheus Dias',NULL,NULL,NULL,15),(723,'Dudu',NULL,NULL,NULL,12),(724,'Ruan Pablo',NULL,NULL,NULL,4),(725,'Max',NULL,NULL,NULL,1),(726,'Felipe Carballo',NULL,NULL,NULL,14),(727,'Daniel Junior',NULL,NULL,NULL,18),(728,'Luis Miguel',NULL,NULL,NULL,18),(729,'Iury Castilho',NULL,NULL,NULL,18),(730,'Reynaldo',NULL,NULL,NULL,18),(731,'Pedro Caixinha',NULL,NULL,NULL,17),(732,'Juan',NULL,NULL,NULL,19),(733,'Eder',NULL,NULL,NULL,7),(734,'Damian Suárez',NULL,NULL,NULL,5),(735,'Robert',NULL,NULL,NULL,8),(736,'Praxedes',NULL,NULL,NULL,20),(737,'Douglas Costa',NULL,NULL,NULL,11),(738,'Fabio Soares',NULL,NULL,NULL,18),(739,'Diego Hernández',NULL,NULL,NULL,5),(740,'Everton Galdino',NULL,NULL,NULL,14),(741,'Alysson Edward',NULL,NULL,NULL,14),(742,'Filipe Machado',NULL,NULL,NULL,8),(743,'Bruno Lopes',NULL,NULL,NULL,20),(744,'Marcos Victor',NULL,NULL,NULL,4),(745,'Neris',NULL,NULL,NULL,8),(746,'Kauan Rodrigues',NULL,NULL,NULL,12),(747,'Robert Renan',NULL,NULL,NULL,15),(748,'Lyncon',NULL,NULL,NULL,20),(749,'Oscar Estupiñán',NULL,NULL,NULL,4),(750,'Erick Castillo',NULL,NULL,NULL,18),(751,'Vitinho',NULL,NULL,NULL,3),(752,'Werton',NULL,NULL,NULL,10),(753,'Diego Costa',NULL,NULL,NULL,19),(754,'João Pedro Galvão',NULL,NULL,NULL,14),(755,'Ruan',NULL,NULL,NULL,13),(756,'Hugo Mallo',NULL,NULL,NULL,15),(757,'Dudu',NULL,NULL,NULL,18),(758,'Arthur Viana',NULL,NULL,NULL,8),(759,'Mateo Zuleta',NULL,NULL,NULL,1),(760,'Randerson',NULL,NULL,NULL,1),(761,'Jhon Jhon',NULL,NULL,NULL,16),(762,'Gustavo García',NULL,NULL,NULL,16),(763,'Pedrinho',NULL,NULL,NULL,3),(764,'Rodrigo Andrade',NULL,NULL,NULL,18),(765,'Charles Aránguiz',NULL,NULL,NULL,15),(766,'Patrick de Paula',NULL,NULL,NULL,5),(767,'Everton',NULL,NULL,NULL,17),(768,'Luciano Giménez',NULL,NULL,NULL,9),(769,'Mateo Barcia',NULL,NULL,NULL,7),(770,'Talisson',NULL,NULL,NULL,17),(771,'Nacho Laquintana',NULL,NULL,NULL,17),(772,'Gustavo Mosquito',NULL,NULL,NULL,6),(773,'Kayke',NULL,NULL,NULL,6),(774,'Pedro Rocha',NULL,NULL,NULL,12),(775,'Calegari',NULL,NULL,NULL,11),(776,'Fernando Diniz',NULL,NULL,NULL,11),(777,'Arthur Sousa',NULL,NULL,NULL,6),(778,'Werik Popó',NULL,NULL,NULL,13),(779,'Allyson',NULL,NULL,NULL,9),(780,'Isaac',NULL,NULL,NULL,3),(781,'Yarlen',NULL,NULL,NULL,5),(782,'Fabiano',NULL,NULL,NULL,5),(783,'Alex Santana',NULL,NULL,NULL,2),(784,'Vágner Love',NULL,NULL,NULL,1),(785,'Rikelme',NULL,NULL,NULL,9),(786,'Serginho',NULL,NULL,NULL,20),(787,'E. Coudet',NULL,NULL,NULL,15),(788,'G. Milito',NULL,NULL,NULL,3),(789,'Carlos Miguel',NULL,NULL,NULL,6),(790,'João Pedro',NULL,NULL,NULL,6),(791,'Cuca',NULL,NULL,NULL,2),(792,'Luiz Adriano',NULL,NULL,NULL,18),(793,'João Pedro',NULL,NULL,NULL,8),(794,'Clayton',NULL,NULL,NULL,20),(795,'Petit',NULL,NULL,NULL,9),(796,'Rildo',NULL,NULL,NULL,13),(797,'Marlon',NULL,NULL,NULL,11),(798,'Tite',NULL,NULL,NULL,10),(799,'Kayke Santos',NULL,NULL,NULL,2),(800,'Gabriel Moscardo',NULL,NULL,NULL,6),(801,'Daniel',NULL,NULL,NULL,1),(802,'Fausto Vera',NULL,NULL,NULL,6),(803,'Luis Guilherme',NULL,NULL,NULL,16),(804,'Endrick',NULL,NULL,NULL,16),(805,'Rafael Papagaio',NULL,NULL,NULL,8),(806,'José Cifuentes',NULL,NULL,NULL,8),(807,'Zeca',NULL,NULL,NULL,18),(808,'Jemerson',NULL,NULL,NULL,3),(809,'Gol anulado',NULL,NULL,NULL,14),(810,'Mateus Gonçalves',NULL,NULL,NULL,18),(811,'Igor Jesus',NULL,NULL,NULL,10),(812,'Paulinho',NULL,NULL,NULL,6),(813,'James Rodríguez',NULL,NULL,NULL,19),(814,'Léo Gamalho',NULL,NULL,NULL,18),(815,'Kleiton',NULL,NULL,NULL,13),(816,'Bento Krepski',NULL,NULL,NULL,2),(817,'Yerson Candelo',NULL,NULL,NULL,7),(818,'Jacob Montes',NULL,NULL,NULL,5),(819,'Gabriel Barros',NULL,NULL,NULL,1),(820,'Bruninho',NULL,NULL,NULL,17),(821,'António Oliveira',NULL,NULL,NULL,6),(822,'Jair Ventura',NULL,NULL,NULL,1),(823,'Mauricio',NULL,NULL,NULL,15),(824,'Renato Kayzer',NULL,NULL,NULL,7);
/*!40000 ALTER TABLE `jogador` ENABLE KEYS */;
UNLOCK TABLES;

--
-- Table structure for table `partida`
--

DROP TABLE IF EXISTS `partida`;
/*!40101 SET @saved_cs_client     = @@character_set_client */;
/*!50503 SET character_set_client = utf8mb4 */;
CREATE TABLE `partida` (
  `id_partida` int NOT NULL AUTO_INCREMENT,
  `rodada` int DEFAULT NULL,
  `horario` datetime DEFAULT NULL,
  `gol_mandante` int DEFAULT NULL,
  `gol_visitante` int DEFAULT NULL,
  `id_mandante` int DEFAULT NULL,
  `id_visitante` int DEFAULT NULL,
  `id_estadio` int DEFAULT NULL,
  PRIMARY KEY (`id_partida`),
  KEY `FK_PartidaEstadio` (`id_estadio`),
  KEY `FK_TimeMandante` (`id_mandante`),
  KEY `FK_TimeVisitante` (`id_visitante`),
  CONSTRAINT `FK_PartidaEstadio` FOREIGN KEY (`id_estadio`) REFERENCES `estadio` (`id_estadio`),
  CONSTRAINT `FK_TimeMandante` FOREIGN KEY (`id_mandante`) REFERENCES `time` (`id_time`),
  CONSTRAINT `FK_TimeVisitante` FOREIGN KEY (`id_visitante`) REFERENCES `time` (`id_time`)
) ENGINE=InnoDB AUTO_INCREMENT=381 DEFAULT CHARSET=utf8mb4 COLLATE=utf8mb4_0900_ai_ci;
/*!40101 SET character_set_client = @saved_cs_client */;

--
-- Dumping data for table `partida`
--

LOCK TABLES `partida` WRITE;
/*!40000 ALTER TABLE `partida` DISABLE KEYS */;
INSERT INTO `partida` VALUES (1,1,'2024-04-13 18:30:00',2,1,15,4,6),(2,1,'2024-04-13 18:30:00',1,1,7,13,22),(3,1,'2024-04-13 21:00:00',2,2,11,17,1),(4,1,'2024-04-13 21:00:00',1,2,19,12,2),(5,1,'2024-04-14 16:00:00',2,1,20,14,17),(6,1,'2024-04-14 16:00:00',0,0,6,3,9),(7,1,'2024-04-14 16:00:00',4,0,2,9,11),(8,1,'2024-04-14 16:00:00',1,2,1,10,21),(9,1,'2024-04-14 17:00:00',3,2,8,5,3),(10,1,'2024-04-14 18:30:00',0,1,18,16,24),(11,2,'2024-04-16 21:30:00',2,1,4,11,7),(12,2,'2024-04-17 19:00:00',2,0,14,2,4),(13,2,'2024-04-17 19:00:00',2,1,17,20,2),(14,2,'2024-04-17 20:00:00',1,1,3,7,3),(15,2,'2024-04-17 20:00:00',0,1,16,15,5),(16,2,'2024-04-17 20:00:00',1,1,12,8,8),(17,2,'2024-04-17 20:00:00',2,0,13,6,23),(18,2,'2024-04-17 21:30:00',2,1,10,19,1),(19,2,'2024-04-18 21:30:00',1,0,5,1,10),(20,2,'2024-06-05 20:00:00',0,0,9,18,12),(21,3,'2024-04-20 16:00:00',2,1,11,20,1),(22,3,'2024-04-20 18:30:00',1,0,14,9,4),(23,3,'2024-04-20 18:30:00',1,0,17,6,2),(24,3,'2024-04-20 21:00:00',3,0,3,8,3),(25,3,'2024-04-21 16:00:00',2,2,18,4,24),(26,3,'2024-04-21 16:00:00',0,0,16,10,5),(27,3,'2024-04-21 16:00:00',1,0,2,15,11),(28,3,'2024-04-21 18:30:00',5,1,5,13,10),(29,3,'2024-04-21 18:30:00',0,3,1,19,21),(30,3,'2024-07-24 19:00:00',1,1,7,12,22),(31,4,'2024-04-27 16:00:00',0,4,20,7,17),(32,4,'2024-04-27 18:30:00',0,3,9,3,12),(33,4,'2024-04-27 21:00:00',1,0,4,14,7),(34,4,'2024-04-28 11:00:00',0,2,10,5,1),(35,4,'2024-04-28 16:00:00',3,1,8,18,3),(36,4,'2024-04-28 16:00:00',3,0,6,11,9),(37,4,'2024-04-28 18:30:00',1,1,12,17,8),(38,4,'2024-04-28 18:30:00',1,1,13,2,23),(39,4,'2024-04-28 20:00:00',1,1,15,1,6),(40,4,'2024-04-29 20:00:00',0,0,19,16,2),(41,5,'2024-05-04 16:00:00',2,2,11,3,1),(42,5,'2024-05-04 18:30:00',1,1,17,10,2),(43,5,'2024-05-04 21:00:00',0,0,6,12,9),(44,5,'2024-05-05 16:00:00',1,3,18,19,24),(45,5,'2024-05-05 16:00:00',1,0,2,20,11),(46,5,'2024-05-05 18:30:00',1,2,5,4,10),(47,5,'2024-05-05 18:30:00',0,2,9,16,12),(48,5,'2024-06-05 19:00:00',1,0,13,1,23),(49,5,'2024-08-28 19:30:00',0,0,8,15,3),(50,5,'2024-09-25 19:00:00',1,2,14,7,4),(51,6,'2024-05-11 16:00:00',2,0,10,6,1),(52,6,'2024-05-12 16:00:00',0,2,16,2,5),(53,6,'2024-05-12 16:00:00',1,1,12,5,8),(54,6,'2024-05-12 16:00:00',0,1,1,8,21),(55,6,'2024-05-12 18:30:00',1,0,4,17,7),(56,6,'2024-05-12 18:30:00',2,1,20,18,17),(57,6,'2024-05-13 20:00:00',2,1,19,11,2),(58,6,'2024-06-09 16:00:00',2,5,7,9,22),(59,6,'2024-08-14 19:30:00',2,1,15,13,6),(60,6,'2024-10-09 19:30:00',2,1,3,14,3),(61,7,'2024-06-01 16:00:00',0,2,14,17,4),(62,7,'2024-06-01 16:00:00',0,2,18,1,24),(63,7,'2024-06-01 18:30:00',1,1,11,13,1),(64,7,'2024-06-01 18:30:00',0,1,9,15,12),(65,7,'2024-06-01 21:00:00',0,1,6,5,9),(66,7,'2024-06-02 16:00:00',1,1,3,4,3),(67,7,'2024-06-02 16:00:00',1,6,20,10,17),(68,7,'2024-06-02 16:00:00',1,2,7,16,22),(69,7,'2024-06-02 18:30:00',2,0,19,8,2),(70,7,'2024-06-02 18:30:00',1,0,12,2,8),(71,8,'2024-06-11 19:00:00',2,2,1,6,21),(72,8,'2024-06-11 19:00:00',1,1,13,18,23),(73,8,'2024-06-11 20:00:00',1,0,5,11,10),(74,8,'2024-06-11 21:30:00',1,2,17,3,2),(75,8,'2024-06-13 19:00:00',2,1,8,9,3),(76,8,'2024-06-13 20:00:00',0,0,15,19,6),(77,8,'2024-06-13 20:00:00',2,1,10,14,1),(78,8,'2024-06-13 20:00:00',3,1,2,7,11),(79,8,'2024-06-13 21:30:00',1,0,4,12,7),(80,8,'2024-06-13 21:30:00',2,0,16,20,5),(81,9,'2024-06-15 18:30:00',2,1,17,13,2),(82,9,'2024-06-15 21:00:00',1,2,11,1,1),(83,9,'2024-06-16 16:00:00',2,1,18,15,24),(84,9,'2024-06-16 16:00:00',2,2,6,19,9),(85,9,'2024-06-16 16:00:00',1,1,2,10,11),(86,9,'2024-06-16 18:30:00',1,2,14,5,4),(87,9,'2024-06-16 18:30:00',0,0,20,8,17),(88,9,'2024-06-16 18:30:00',5,0,9,12,12),(89,9,'2024-06-16 18:30:00',2,2,7,4,22),(90,9,'2024-06-17 20:30:00',0,4,3,16,3),(91,10,'2024-06-19 19:00:00',1,1,5,2,10),(92,10,'2024-06-19 19:00:00',1,2,1,7,21),(93,10,'2024-06-19 20:00:00',0,1,19,9,2),(94,10,'2024-06-19 20:00:00',1,0,12,14,8),(95,10,'2024-06-19 20:00:00',2,0,13,20,23),(96,10,'2024-06-19 21:30:00',1,0,15,6,6),(97,10,'2024-06-19 21:30:00',2,0,8,11,3),(98,10,'2024-06-20 18:30:00',4,2,18,3,24),(99,10,'2024-06-20 20:00:00',2,1,10,4,1),(100,10,'2024-06-20 21:30:00',2,1,16,17,5),(101,11,'2024-06-22 16:00:00',2,1,7,5,22),(102,11,'2024-06-22 17:30:00',0,1,14,15,4),(103,11,'2024-06-22 18:30:00',0,0,9,1,12),(104,11,'2024-06-22 21:30:00',4,1,20,19,17),(105,11,'2024-06-23 16:00:00',4,1,4,8,7),(106,11,'2024-06-23 16:00:00',0,1,11,10,1),(107,11,'2024-06-23 16:00:00',1,1,2,6,11),(108,11,'2024-06-23 18:30:00',1,1,3,12,3),(109,11,'2024-06-23 18:30:00',3,1,16,13,5),(110,11,'2024-06-23 18:30:00',2,1,17,18,2),(111,12,'2024-06-26 19:00:00',2,0,8,2,3),(112,12,'2024-06-26 19:00:00',2,1,5,17,10),(113,12,'2024-06-26 20:00:00',1,1,6,9,9),(114,12,'2024-06-26 20:00:00',1,1,1,14,21),(115,12,'2024-06-26 20:00:00',2,1,13,10,23),(116,12,'2024-06-26 21:30:00',1,2,15,3,6),(117,12,'2024-06-26 21:30:00',2,1,4,20,7),(118,12,'2024-06-26 21:30:00',3,0,12,16,8),(119,12,'2024-06-27 19:00:00',0,1,11,18,1),(120,12,'2024-06-27 20:00:00',2,1,19,7,2),(121,13,'2024-06-29 18:30:00',1,1,20,5,17),(122,13,'2024-06-29 18:30:00',1,1,9,17,12),(123,13,'2024-06-30 11:00:00',1,1,3,1,3),(124,13,'2024-06-30 16:00:00',1,0,14,11,4),(125,13,'2024-06-30 16:00:00',3,1,19,4,2),(126,13,'2024-06-30 16:00:00',2,1,12,13,8),(127,13,'2024-06-30 18:30:00',0,1,18,2,24),(128,13,'2024-06-30 18:30:00',2,1,10,8,1),(129,13,'2024-06-30 18:30:00',1,1,7,15,22),(130,13,'2024-07-01 20:00:00',2,0,16,6,5),(131,14,'2024-07-03 19:00:00',1,2,9,5,12),(132,14,'2024-07-03 20:00:00',2,0,20,12,17),(133,14,'2024-07-03 20:00:00',1,0,7,8,22),(134,14,'2024-07-03 21:30:00',2,4,3,10,3),(135,14,'2024-07-03 21:30:00',3,1,17,1,2),(136,14,'2024-07-03 21:30:00',1,2,2,19,11),(137,14,'2024-07-04 19:00:00',2,2,14,16,4),(138,14,'2024-07-04 19:00:00',2,0,4,13,7),(139,14,'2024-07-04 20:00:00',1,1,11,15,1),(140,14,'2024-07-04 20:00:00',3,2,6,18,9),(141,15,'2024-07-06 20:00:00',1,1,10,9,1),(142,15,'2024-07-06 20:00:00',2,0,19,17,2),(143,15,'2024-07-07 16:00:00',3,0,8,6,3),(144,15,'2024-07-07 16:00:00',1,0,12,11,8),(145,15,'2024-07-07 16:00:00',3,0,13,14,23),(146,15,'2024-07-07 18:00:00',1,2,15,20,6),(147,15,'2024-07-07 18:30:00',2,1,18,7,24),(148,15,'2024-07-07 18:30:00',2,0,16,4,5),(149,15,'2024-07-07 18:30:00',1,2,1,2,21),(150,15,'2024-07-07 20:30:00',3,0,5,3,10),(151,16,'2024-07-10 18:30:00',0,2,14,8,4),(152,16,'2024-07-10 19:00:00',2,0,20,6,17),(153,16,'2024-07-10 19:00:00',1,3,2,4,11),(154,16,'2024-07-11 19:30:00',3,1,16,1,5),(155,16,'2024-07-11 20:00:00',1,2,10,12,1),(156,16,'2024-07-11 20:00:00',1,1,7,11,22),(157,16,'2024-07-11 21:30:00',2,1,3,19,3),(158,16,'2024-07-11 21:30:00',0,1,18,5,24),(159,16,'2024-09-05 20:00:00',0,0,9,13,12),(160,16,'2024-09-25 19:00:00',2,2,17,15,2),(161,17,'2024-07-13 16:00:00',2,1,8,17,3),(162,17,'2024-07-13 16:00:00',1,2,4,9,7),(163,17,'2024-07-16 19:00:00',1,1,13,3,23),(164,17,'2024-07-16 21:00:00',2,1,6,7,9),(165,17,'2024-07-17 19:00:00',0,1,1,20,21),(166,17,'2024-07-17 20:00:00',1,0,19,14,2),(167,17,'2024-07-17 21:30:00',1,0,5,16,10),(168,17,'2024-07-17 21:30:00',3,1,12,18,8),(169,17,'2024-10-22 19:30:00',1,0,11,2,1),(170,17,'2024-10-30 19:00:00',1,1,15,10,6),(171,18,'2024-07-20 16:00:00',2,1,10,7,1),(172,18,'2024-07-20 18:30:00',1,0,5,15,10),(173,18,'2024-07-20 21:00:00',2,0,16,8,5),(174,18,'2024-07-21 11:00:00',2,0,14,18,4),(175,18,'2024-07-21 16:00:00',2,0,3,20,3),(176,18,'2024-07-21 16:00:00',0,1,4,6,7),(177,18,'2024-07-21 18:30:00',1,0,17,2,2),(178,18,'2024-07-21 18:30:00',3,1,12,1,8),(179,18,'2024-07-21 18:30:00',0,0,13,19,23),(180,18,'2024-07-21 20:00:00',0,1,9,11,12),(181,19,'2024-07-24 19:00:00',2,0,8,13,3),(182,19,'2024-07-24 19:30:00',2,2,19,5,2),(183,19,'2024-07-24 20:00:00',1,2,18,10,24),(184,19,'2024-07-24 21:30:00',1,0,11,16,1),(185,19,'2024-07-24 21:30:00',1,1,1,4,21),(186,19,'2024-07-25 20:00:00',2,2,6,14,9),(187,19,'2024-08-28 19:30:00',1,0,7,17,22),(188,19,'2024-09-11 19:30:00',2,1,15,12,6),(189,19,'2024-10-24 19:00:00',1,0,20,9,17),(190,19,'2024-11-16 18:30:00',1,0,2,3,11),(191,20,'2024-07-27 19:00:00',0,2,16,18,5),(192,20,'2024-07-27 19:00:00',1,2,13,7,23),(193,20,'2024-07-27 20:00:00',1,1,4,15,7),(194,20,'2024-07-27 21:30:00',0,3,5,8,10),(195,20,'2024-07-27 21:30:00',1,0,12,19,8),(196,20,'2024-07-28 11:00:00',0,1,17,11,2),(197,20,'2024-07-28 16:00:00',2,0,10,1,1),(198,20,'2024-07-28 19:00:00',1,0,14,20,4),(199,20,'2024-07-28 19:00:00',2,1,3,6,3),(200,20,'2024-07-28 19:00:00',1,2,9,2,12),(201,21,'2024-08-03 16:00:00',1,0,18,9,24),(202,21,'2024-08-03 19:00:00',2,2,20,17,17),(203,21,'2024-08-03 20:00:00',1,4,1,5,21),(204,21,'2024-08-03 20:00:00',2,1,7,3,22),(205,21,'2024-08-03 21:30:00',1,0,19,10,2),(206,21,'2024-08-04 16:00:00',1,0,11,4,1),(207,21,'2024-08-04 16:00:00',1,1,6,13,9),(208,21,'2024-08-04 16:00:00',0,2,2,14,11),(209,21,'2024-08-04 17:00:00',1,1,15,16,6),(210,21,'2024-08-05 21:00:00',1,2,8,12,3),(211,22,'2024-08-10 16:00:00',1,0,12,7,8),(212,22,'2024-08-10 19:00:00',1,3,9,14,12),(213,22,'2024-08-10 21:30:00',0,0,8,3,3),(214,22,'2024-08-10 21:30:00',2,0,20,11,17),(215,22,'2024-08-10 21:30:00',1,1,6,17,9),(216,22,'2024-08-11 11:00:00',3,2,13,5,23),(217,22,'2024-08-11 16:00:00',2,0,4,18,7),(218,22,'2024-08-11 16:00:00',1,1,10,16,1),(219,22,'2024-08-11 16:00:00',1,0,19,1,2),(220,22,'2024-08-11 19:00:00',2,2,15,2,6),(221,23,'2024-08-17 16:00:00',0,2,14,4,4),(222,23,'2024-08-17 16:00:00',1,1,3,9,3),(223,23,'2024-08-17 18:30:00',1,2,17,12,2),(224,23,'2024-08-17 21:00:00',0,0,11,6,1),(225,23,'2024-08-18 16:00:00',2,1,16,19,5),(226,23,'2024-08-18 16:00:00',1,0,1,15,21),(227,23,'2024-08-18 16:00:00',2,2,7,20,22),(228,23,'2024-08-18 18:30:00',4,1,5,10,10),(229,23,'2024-08-18 18:30:00',1,2,2,13,11),(230,23,'2024-08-19 20:00:00',2,2,18,8,24),(231,24,'2024-08-24 16:00:00',2,1,1,13,21),(232,24,'2024-08-24 18:30:00',5,0,16,9,5),(233,24,'2024-08-24 21:00:00',0,2,3,11,3),(234,24,'2024-08-25 16:00:00',0,0,4,5,7),(235,24,'2024-08-25 16:00:00',1,0,12,6,8),(236,24,'2024-08-25 16:00:00',0,1,7,14,22),(237,24,'2024-08-25 18:30:00',2,1,19,18,2),(238,24,'2024-08-25 19:00:00',1,0,15,8,6),(239,24,'2024-08-25 20:00:00',2,1,10,17,1),(240,24,'2024-08-26 21:00:00',2,1,20,2,17),(241,25,'2024-08-31 18:30:00',2,1,9,7,12),(242,25,'2024-08-31 21:00:00',2,0,5,12,10),(243,25,'2024-09-01 11:00:00',2,3,14,3,4),(244,25,'2024-09-01 11:00:00',3,1,8,1,3),(245,25,'2024-09-01 16:00:00',2,1,6,10,9),(246,25,'2024-09-01 18:30:00',0,1,18,20,24),(247,25,'2024-09-01 18:30:00',2,0,11,19,1),(248,25,'2024-09-01 18:30:00',2,1,17,4,2),(249,25,'2024-09-01 18:30:00',0,2,2,16,11),(250,25,'2024-09-01 18:30:00',1,3,13,15,23),(251,26,'2024-09-14 16:00:00',0,2,1,18,21),(252,26,'2024-09-14 18:30:00',1,1,2,12,11),(253,26,'2024-09-14 21:00:00',2,1,5,6,10),(254,26,'2024-09-15 16:00:00',5,0,16,7,5),(255,26,'2024-09-15 16:00:00',2,2,17,14,2),(256,26,'2024-09-15 16:00:00',2,1,13,11,23),(257,26,'2024-09-15 18:30:00',0,1,8,19,3),(258,26,'2024-09-15 18:30:00',3,0,4,3,7),(259,26,'2024-09-15 18:30:00',1,1,10,20,1),(260,26,'2024-09-16 20:00:00',3,0,15,9,6),(261,27,'2024-09-21 16:00:00',1,0,18,13,24),(262,27,'2024-09-21 16:00:00',3,0,6,1,9),(263,27,'2024-09-21 18:30:00',0,1,11,5,1),(264,27,'2024-09-21 21:00:00',4,1,12,4,8),(265,27,'2024-09-22 16:00:00',3,0,3,17,3),(266,27,'2024-09-22 16:00:00',0,1,20,16,17),(267,27,'2024-09-22 18:30:00',3,2,14,10,4),(268,27,'2024-09-22 18:30:00',1,3,19,15,2),(269,27,'2024-09-22 18:30:00',0,0,9,8,12),(270,27,'2024-09-22 20:00:00',0,0,7,2,22),(271,28,'2024-09-28 18:30:00',2,1,16,3,5),(272,28,'2024-09-28 21:00:00',0,0,5,14,10),(273,28,'2024-09-29 11:00:00',1,1,13,17,23),(274,28,'2024-09-29 16:00:00',3,1,19,6,2),(275,28,'2024-09-29 16:00:00',1,0,12,9,8),(276,28,'2024-09-29 16:00:00',1,0,1,11,21),(277,28,'2024-09-29 18:30:00',3,1,15,18,6),(278,28,'2024-09-29 18:30:00',1,1,8,20,3),(279,28,'2024-09-29 18:30:00',1,0,4,7,7),(280,28,'2024-09-29 20:00:00',1,0,10,2,1),(281,29,'2024-10-03 19:00:00',2,0,7,1,22),(282,29,'2024-10-03 21:30:00',1,0,11,8,1),(283,29,'2024-10-04 21:30:00',3,1,14,12,4),(284,29,'2024-10-05 16:30:00',2,2,3,18,3),(285,29,'2024-10-05 16:30:00',0,0,17,16,2),(286,29,'2024-10-05 16:30:00',0,1,2,5,11),(287,29,'2024-10-05 19:00:00',0,2,4,10,7),(288,29,'2024-10-05 19:00:00',2,2,6,15,9),(289,29,'2024-10-05 19:00:00',2,0,9,19,12),(290,29,'2024-10-05 21:00:00',1,1,20,13,17),(291,30,'2024-10-16 21:45:00',3,0,19,20,2),(292,30,'2024-10-16 21:45:00',1,1,12,3,8),(293,30,'2024-10-17 20:00:00',0,2,10,11,1),(294,30,'2024-10-17 20:00:00',5,2,6,2,9),(295,30,'2024-10-18 19:00:00',0,0,1,9,21),(296,30,'2024-10-18 20:00:00',1,1,5,7,10),(297,30,'2024-10-18 21:30:00',1,1,8,4,3),(298,30,'2024-10-19 16:00:00',1,0,15,14,6),(299,30,'2024-10-19 16:00:00',1,0,18,17,24),(300,30,'2024-10-20 20:00:00',3,5,13,16,23),(301,31,'2024-10-26 16:30:00',3,1,14,1,4),(302,31,'2024-10-26 16:30:00',2,1,18,11,24),(303,31,'2024-10-26 16:30:00',4,2,10,13,1),(304,31,'2024-10-26 16:30:00',2,2,16,12,5),(305,31,'2024-10-26 18:30:00',3,0,2,8,11),(306,31,'2024-10-26 19:00:00',1,3,3,15,3),(307,31,'2024-10-26 19:00:00',0,1,17,5,2),(308,31,'2024-10-26 21:00:00',1,1,7,19,22),(309,31,'2024-10-28 19:00:00',0,1,9,6,12),(310,31,'2024-10-28 21:00:00',3,2,20,4,17),(311,32,'2024-11-01 21:00:00',2,2,11,14,1),(312,32,'2024-11-02 16:00:00',0,0,17,9,2),(313,32,'2024-11-02 18:30:00',1,2,2,18,11),(314,32,'2024-11-02 18:30:00',0,3,13,12,23),(315,32,'2024-11-04 20:00:00',2,0,6,16,9),(316,32,'2024-11-05 21:30:00',2,0,15,7,6),(317,32,'2024-11-05 21:30:00',0,3,4,19,7),(318,32,'2024-11-05 21:30:00',3,0,5,20,10),(319,32,'2024-11-06 21:00:00',0,1,8,10,3),(320,32,'2024-11-06 21:00:00',1,0,1,3,21),(321,33,'2024-11-08 19:00:00',2,0,15,11,6),(322,33,'2024-11-08 21:30:00',1,0,16,14,5),(323,33,'2024-11-09 16:30:00',1,2,18,6,24),(324,33,'2024-11-09 16:30:00',0,0,5,9,10),(325,33,'2024-11-09 19:00:00',2,1,8,7,3),(326,33,'2024-11-09 19:00:00',3,0,12,20,8),(327,33,'2024-11-09 19:00:00',0,0,1,17,21),(328,33,'2024-11-09 19:00:00',2,1,13,4,23),(329,33,'2024-11-09 21:00:00',2,1,19,2,2),(330,33,'2024-11-13 20:00:00',0,0,10,3,1),(331,34,'2024-11-20 11:00:00',2,1,6,8,9),(332,34,'2024-11-20 16:30:00',1,1,17,19,2),(333,34,'2024-11-20 16:30:00',2,0,2,1,11),(334,34,'2024-11-20 16:30:00',0,1,7,18,22),(335,34,'2024-11-20 18:00:00',1,2,4,16,7),(336,34,'2024-11-20 19:00:00',2,2,14,13,4),(337,34,'2024-11-20 19:00:00',1,2,9,10,12),(338,34,'2024-11-20 21:30:00',0,0,3,5,3),(339,34,'2024-11-21 20:00:00',0,1,20,15,17),(340,34,'2024-11-22 21:30:00',2,2,11,12,1),(341,35,'2024-11-23 19:30:00',NULL,NULL,5,18,10),(342,35,'2024-11-23 19:30:00',NULL,NULL,1,16,21),(343,35,'2024-11-23 19:30:00',NULL,NULL,13,9,23),(344,35,'2024-11-23 21:30:00',NULL,NULL,19,3,2),(345,35,'2024-11-24 16:00:00',NULL,NULL,15,17,6),(346,35,'2024-11-24 16:00:00',NULL,NULL,4,2,7),(347,35,'2024-11-24 16:00:00',NULL,NULL,6,20,9),(348,35,'2024-11-26 19:00:00',NULL,NULL,11,7,1),(349,35,'2024-11-26 20:00:00',NULL,NULL,12,10,8),(350,35,'2024-11-27 21:00:00',NULL,NULL,8,14,3),(351,36,'2024-11-26 21:30:00',NULL,NULL,3,13,3),(352,36,'2024-11-26 21:30:00',NULL,NULL,16,5,5),(353,36,'2024-11-30 19:30:00',NULL,NULL,9,4,12),(354,36,'2024-11-30 19:30:00',NULL,NULL,7,6,22),(355,36,'2024-11-30 21:30:00',NULL,NULL,20,1,17),(356,36,'2024-12-01 16:00:00',NULL,NULL,14,19,4),(357,36,'2024-12-01 16:00:00',NULL,NULL,10,15,1),(358,36,'2024-12-01 18:30:00',NULL,NULL,18,12,24),(359,36,'2024-12-01 18:30:00',NULL,NULL,17,8,2),(360,36,'2024-12-01 18:30:00',NULL,NULL,2,11,11),(361,37,'2024-12-04 12:00:00',NULL,NULL,15,5,6),(362,37,'2024-12-04 12:00:00',NULL,NULL,8,16,3),(363,37,'2024-12-04 12:00:00',NULL,NULL,18,14,24),(364,37,'2024-12-04 12:00:00',NULL,NULL,11,9,1),(365,37,'2024-12-04 12:00:00',NULL,NULL,20,3,17),(366,37,'2024-12-04 12:00:00',NULL,NULL,6,4,9),(367,37,'2024-12-04 12:00:00',NULL,NULL,19,13,2),(368,37,'2024-12-04 12:00:00',NULL,NULL,2,17,11),(369,37,'2024-12-04 12:00:00',NULL,NULL,1,12,21),(370,37,'2024-12-04 12:00:00',NULL,NULL,7,10,22),(371,38,'2024-12-08 12:00:00',NULL,NULL,14,6,4),(372,38,'2024-12-08 12:00:00',NULL,NULL,3,2,3),(373,38,'2024-12-08 12:00:00',NULL,NULL,4,1,7),(374,38,'2024-12-08 12:00:00',NULL,NULL,10,18,1),(375,38,'2024-12-08 12:00:00',NULL,NULL,5,19,10),(376,38,'2024-12-08 12:00:00',NULL,NULL,16,11,5),(377,38,'2024-12-08 12:00:00',NULL,NULL,17,7,2),(378,38,'2024-12-08 12:00:00',NULL,NULL,12,15,8),(379,38,'2024-12-08 12:00:00',NULL,NULL,9,20,12),(380,38,'2024-12-08 12:00:00',NULL,NULL,13,8,23);
/*!40000 ALTER TABLE `partida` ENABLE KEYS */;
UNLOCK TABLES;

--
-- Table structure for table `time`
--

DROP TABLE IF EXISTS `time`;
/*!40101 SET @saved_cs_client     = @@character_set_client */;
/*!50503 SET character_set_client = utf8mb4 */;
CREATE TABLE `time` (
  `id_time` int NOT NULL AUTO_INCREMENT,
  `nome_completo` varchar(150) DEFAULT NULL,
  `nome` varchar(150) DEFAULT NULL,
  `sigla` varchar(3) DEFAULT NULL,
  `cidade` varchar(150) DEFAULT NULL,
  `estado` varchar(150) DEFAULT NULL,
  `id_estadio` int NOT NULL,
  PRIMARY KEY (`id_time`),
  KEY `FK_EstadioTime` (`id_estadio`),
  CONSTRAINT `FK_EstadioTime` FOREIGN KEY (`id_estadio`) REFERENCES `estadio` (`id_estadio`)
) ENGINE=InnoDB AUTO_INCREMENT=21 DEFAULT CHARSET=utf8mb4 COLLATE=utf8mb4_0900_ai_ci;
/*!40101 SET character_set_client = @saved_cs_client */;

--
-- Dumping data for table `time`
--

LOCK TABLES `time` WRITE;
/*!40000 ALTER TABLE `time` DISABLE KEYS */;
INSERT INTO `time` VALUES (1,'Atlético Clube Goianiense','Atlético-GO','ACG','Goiânia','GO',21),(2,'Club Athletico Paranaense','Athletico-PR','CAP','Curitiba','PR',11),(3,'Clube Atlético Mineiro','Atlético-MG','CAM','Belo Horizonte','MG',3),(4,'Esporte Clube Bahia','Bahia','BAH','Salvador','BA',7),(5,'Botafogo de Futebol e Regatas','Botafogo','BOT','Rio de Janeiro','RJ',10),(6,'Sport Club Corinthians Paulista','Corinthians','COR','São Paulo','SP',9),(7,'Criciúma Esporte Clube','Criciúma','CRI','Criciúma','SC',22),(8,'Cruzeiro Esporte Clube','Cruzeiro','CRU','Belo Horizonte','MG',3),(9,'Cuiabá Esporte Clube','Cuiabá','CUI','Cuiabá','MT',12),(10,'Clube de Regatas do Flamengo','Flamengo','FLA','Rio de Janeiro','RJ',1),(11,'Fluminense Football Club','Fluminense','FLU','Rio de Janeiro','RJ',1),(12,'Fortaleza Esporte Clube','Fortaleza','FOR','Fortaleza','CE',8),(13,'Esporte Clube Juventude','Juventude','JUV','Caxias do Sul','RS',23),(14,'Grêmio Foot-Ball Porto Alegrense','Grêmio','GRE','Porto Alegre','RS',4),(15,'Sport Club Internacional','Internacional','INT','Porto Alegre','RS',6),(16,'Sociedade Esportiva Palmeiras','Palmeiras','PAL','São Paulo','SP',5),(17,'Red Bull Bragantino','Bragantino','RBB','Bragança Paulista','SP',2),(18,'Esporte Clube Vitória','Vitória','VIT','Salvador','BA',24),(19,'São Paulo Futebol Clube','São Paulo','SAO','São Paulo','SP',2),(20,'Club de Regatas Vasco da Gama','Vasco','VAS','Rio de Janeiro','RJ',17);
/*!40000 ALTER TABLE `time` ENABLE KEYS */;
UNLOCK TABLES;
/*!40103 SET TIME_ZONE=@OLD_TIME_ZONE */;

/*!40101 SET SQL_MODE=@OLD_SQL_MODE */;
/*!40014 SET FOREIGN_KEY_CHECKS=@OLD_FOREIGN_KEY_CHECKS */;
/*!40014 SET UNIQUE_CHECKS=@OLD_UNIQUE_CHECKS */;
/*!40101 SET CHARACTER_SET_CLIENT=@OLD_CHARACTER_SET_CLIENT */;
/*!40101 SET CHARACTER_SET_RESULTS=@OLD_CHARACTER_SET_RESULTS */;
/*!40101 SET COLLATION_CONNECTION=@OLD_COLLATION_CONNECTION */;
/*!40111 SET SQL_NOTES=@OLD_SQL_NOTES */;

-- Dump completed on 2024-11-24 16:04:46
